timestamp,connection_client,state_client,recv_q_client,send_q_client,rtt_client,rttvar_client,cwnd_client,ssthresh_client,rwnd_client,mss_client,pmtu_client,send_rate_client,pacing_rate_client,delivery_rate,retrans_client,retrans_total_client,packets_out,inflight_data,segs_out_client,segs_in_client,retrans_rate,data_segs_out,data_segs_in,lastrcv_client,lastack_client,minrtt_client,congestion_algorithm_client,advmss_client,rcvmss_client,socket_rx_queue_client,socket_rx_buffer_client,socket_tx_queue_client,socket_tx_buffer_client,socket_forward_alloc_client,socket_write_queue_client,socket_opt_mem_client,socket_backlog_client,socket_dropped_client,tcp_features_client,bdp_client,recommended_window_client,lastsnd_client,side_client,connection_server,state_server,recv_q_server,send_q_server,rtt_server,rttvar_server,cwnd_server,ssthresh_server,rwnd_server,mss_server,pmtu_server,send_rate_server,pacing_rate_server,retrans_server,retrans_total_server,segs_out_server,segs_in_server,lastsnd_server,lastack_server,rcv_rtt,minrtt_server,congestion_algorithm_server,ato,advmss_server,rcvmss_server,socket_rx_queue_server,socket_rx_buffer_server,socket_tx_queue_server,socket_tx_buffer_server,socket_forward_alloc_server,socket_write_queue_server,socket_opt_mem_server,socket_backlog_server,socket_dropped_server,tcp_features_server,bdp_server,recommended_window_server,lastrcv_server,side_server
2025-11-19 03:20:53.187000036,192.168.70.32:41656->192.168.70.31:5201,ESTAB,0.0,15245024.0,1.365,0.059,3620.0,2504.0,14827520.0,1448.0,0.0,30720000000.0,33700000000.000004,12980000000.0,0,590,3330.0,4937564160.0,121528205.0,1954273.0,0.0,121528203.0,0.0,102697.0,1.0,0.045,cubic,1448.0,536.0,0.0,89477120.0,0.0,17179869184.0,94928896.0,15918923776.0,0.0,2359296.0,0.0,"timestamps, SACK",4368000000.0,17472000000.0,0.0,client,192.168.70.31:5201->192.168.70.32:41656,ESTAB,65160.0,0.0,0.056,0.028,10.0,0.0,12482248704.0,1448.0,0.0,2069999999.9999998,4139999999.9999995,0,0,1953520.0,121483306.0,102665.0,15.0,3.231,0.056,cubic,40.0,1448.0,1448.0,89260032.0,17179869184.0,4096.0,89128960.0,1844314112.0,0.0,0.0,0.0,306.0,"timestamps, SACK",179200000.0,716800000.0,0.0,server
2025-11-19 03:20:55.302999973,192.168.70.32:41656->192.168.70.31:5201,ESTAB,0.0,13748760.0,3.035,0.049,3968.0,2504.0,14827520.0,1448.0,0.0,15150000000.0,18170000000.0,12670000000.0,0,590,3960.0,5871697920.0,124291362.0,1999072.0,0.0,124291360.0,0.0,104818.0,0.0,0.045,cubic,1448.0,536.0,0.0,89477120.0,68034560.0,17179869184.0,1788583936.0,14355292160.0,0.0,0.0,0.0,"timestamps, SACK",9712000000.0,38848000000.0,0.0,client,192.168.70.31:5201->192.168.70.32:41656,ESTAB,56472.0,0.0,0.056,0.028,10.0,0.0,12482248704.0,1448.0,0.0,2069999999.9999998,4139999999.9999995,0,0,1997597.0,124201927.0,104754.0,34.0,1.587,0.056,cubic,40.0,1448.0,1448.0,77463552.0,17179869184.0,0.0,89128960.0,1868693504.0,0.0,0.0,0.0,306.0,"timestamps, SACK",179200000.0,716800000.0,0.0,server
2025-11-19 03:20:57.392999887,192.168.70.32:41656->192.168.70.31:5201,ESTAB,0.0,15247440.0,2.99,0.027,3040.0,2886.0,14827520.0,1448.0,0.0,11780000000.0,14130000000.0,11530000000.0,0,601,3015.0,4470497280.0,126454175.0,2033640.0,0.0,126454173.0,0.0,106908.0,0.0,0.045,cubic,1448.0,536.0,0.0,89477120.0,136069120.0,17179869184.0,1292025856.0,15921397760.0,0.0,0.0,0.0,"timestamps, SACK",9568000000.0,38272000000.0,0.0,client,192.168.70.31:5201->192.168.70.32:41656,ESTAB,2927856.0,0.0,0.056,0.028,10.0,0.0,12482248704.0,1448.0,0.0,2069999999.9999998,4139999999.9999995,0,0,2032703.0,126390929.0,106852.0,3.0,2.931,0.056,cubic,40.0,1448.0,1448.0,4010803200.0,17179869184.0,0.0,89128960.0,1722810368.0,0.0,0.0,89260032.0,313.0,"timestamps, SACK",179200000.0,716800000.0,0.0,server
2025-11-19 03:20:59.483000040,192.168.70.32:41656->192.168.70.31:5201,ESTAB,0.0,16224840.0,1.143,0.083,4123.0,3091.0,14827520.0,1448.0,0.0,41790000000.0,0.0,12700000000.0,0,612,1530.0,2268610560.0,128086820.0,2055396.0,0.0,128086818.0,0.0,108997.0,2.0,0.045,cubic,1448.0,536.0,0.0,89477120.0,0.0,17179869184.0,279896064.0,16941916160.0,0.0,0.0,0.0,"timestamps, SACK",3657598976.0,14630395904.0,2.0,client,192.168.70.31:5201->192.168.70.32:41656,ESTAB,10686240.0,0.0,0.056,0.028,10.0,0.0,12482248704.0,1448.0,0.0,2069999999.9999998,4139999999.9999995,0,0,2055577.0,128104634.0,109046.0,0.0,0.985,0.056,cubic,40.0,1448.0,1448.0,14641004544.0,17179869184.0,0.0,89128960.0,731119616.0,0.0,0.0,1462108160.0,322.0,"timestamps, SACK",179200000.0,716800000.0,0.0,server
2025-11-19 03:21:01.582999945,192.168.70.32:41656->192.168.70.31:5201,ESTAB,0.0,12998560.0,0.567,0.061,3313.0,2886.0,14827520.0,1448.0,0.0,67690000000.0,0.0,18130000000.0,0,624,585.0,867409920.0,130686488.0,2096031.0,0.0,130686486.0,0.0,111097.0,0.0,0.045,cubic,1448.0,536.0,0.0,89477120.0,272138240.0,17179869184.0,2981888.0,13573980160.0,0.0,0.0,0.0,"timestamps, SACK",1814398976.0,7257595904.0,0.0,client,192.168.70.31:5201->192.168.70.32:41656,ESTAB,0.0,0.0,0.056,0.028,10.0,0.0,12482248704.0,1448.0,0.0,2069999999.9999998,4139999999.9999995,0,0,2096674.0,130722322.0,111130.0,4.0,2.344,0.056,cubic,40.0,1448.0,1448.0,0.0,17179869184.0,0.0,89128960.0,1472200704.0,0.0,0.0,0.0,323.0,"timestamps, SACK",179200000.0,716800000.0,0.0,server
2025-11-19 03:21:03.688999891,192.168.70.32:41656->192.168.70.31:5201,ESTAB,0.0,12447480.0,1.863,0.112,2681.0,2393.0,14827520.0,1448.0,0.0,16670000000.000002,18990000000.0,11390000000.0,0,781,2655.0,3936706560.0,132858334.0,2132301.0,1e-05,132858332.0,0.0,113203.0,0.0,0.045,cubic,1448.0,536.0,0.0,89477120.0,68034560.0,17179869184.0,58990592.0,12997877760.0,0.0,0.0,0.0,"timestamps, SACK",5961600000.0,23846400000.0,0.0,client,192.168.70.31:5201->192.168.70.32:41656,ESTAB,39096.0,0.0,0.056,0.028,10.0,0.0,12482248704.0,1448.0,0.0,2069999999.9999998,4139999999.9999995,0,0,2132664.0,132872568.0,113218.0,21.0,1.93,0.056,cubic,40.0,1448.0,1448.0,53608448.0,17179869184.0,2048.0,89128960.0,1431175168.0,0.0,0.0,0.0,480.0,"timestamps, SACK",179200000.0,716800000.0,0.0,server
2025-11-19 03:21:05.779000044,192.168.70.32:41656->192.168.70.31:5201,ESTAB,0.0,16485480.0,1.631,0.297,3100.0,2393.0,14827520.0,1448.0,0.0,22020000000.0,26410000000.0,10250000000.0,0,781,3060.0,4537221120.0,135463733.0,2178310.0,1e-05,135463731.0,0.0,115294.0,4.0,0.045,cubic,1448.0,536.0,0.0,89477120.0,0.0,17179869184.0,13262848.0,17212743680.0,0.0,0.0,0.0,"timestamps, SACK",5219200000.0,20876800000.0,4.0,client,192.168.70.31:5201->192.168.70.32:41656,ESTAB,65160.0,0.0,0.056,0.028,10.0,0.0,12482248704.0,1448.0,0.0,2069999999.9999998,4139999999.9999995,0,0,2178669.0,135489712.0,115320.0,6.0,1.725,0.056,cubic,40.0,1448.0,1448.0,89260032.0,17179869184.0,2048.0,89128960.0,1181614080.0,0.0,0.0,0.0,480.0,"timestamps, SACK",179200000.0,716800000.0,0.0,server
2025-11-19 03:21:07.878000021,192.168.70.32:41656->192.168.70.31:5201,ESTAB,0.0,14976408.0,1.539,0.308,3463.0,2393.0,14827520.0,1448.0,0.0,26070000000.0,31260000000.0,14980000000.0,0,781,3420.0,5071011840.0,138114360.0,2226524.0,1e-05,138114358.0,0.0,117392.0,1.0,0.045,cubic,1448.0,536.0,0.0,89477120.0,0.0,17179869184.0,3252224.0,15637307392.0,0.0,0.0,0.0,"timestamps, SACK",4924800000.0,19699200000.0,0.0,client,192.168.70.31:5201->192.168.70.32:41656,ESTAB,65160.0,0.0,0.056,0.028,10.0,0.0,12482248704.0,1448.0,0.0,2069999999.9999998,4139999999.9999995,0,0,2226822.0,138128414.0,117405.0,3.0,1.373,0.056,cubic,40.0,1448.0,1448.0,89260032.0,17179869184.0,0.0,89128960.0,1391329280.0,0.0,0.0,178520064.0,480.0,"timestamps, SACK",179200000.0,716800000.0,0.0,server
2025-11-19 03:21:09.964999914,192.168.70.32:41656->192.168.70.31:5201,ESTAB,0.0,13227480.0,3.058,0.062,3783.0,2393.0,14827520.0,1448.0,0.0,14330000000.0,17200000000.0,14350000000.0,0,784,3780.0,5604802560.0,140829852.0,2268350.0,1e-05,140829850.0,0.0,119480.0,0.0,0.045,cubic,1448.0,536.0,0.0,89477120.0,199655424.0,17179869184.0,1262002176.0,13812326400.0,0.0,0.0,0.0,"timestamps, SACK",9785600000.0,39142400000.0,0.0,client,192.168.70.31:5201->192.168.70.32:41656,ESTAB,65160.0,0.0,0.056,0.028,10.0,0.0,12482248704.0,1448.0,0.0,2069999999.9999998,4139999999.9999995,0,0,2269171.0,140871851.0,119514.0,55.0,2.223,0.056,cubic,40.0,1448.0,1448.0,89260032.0,17179869184.0,0.0,89128960.0,1793982464.0,0.0,0.0,0.0,483.0,"timestamps, SACK",179200000.0,716800000.0,0.0,server
2025-11-19 03:21:12.055999994,192.168.70.32:41656->192.168.70.31:5201,ESTAB,0.0,13488120.0,2.658,0.053,3004.0,2782.0,14827520.0,1448.0,0.0,13090000000.0,15120000000.0,11330000000.0,0,812,2970.0,4403773440.0,143559664.0,2312280.0,1e-05,143559662.0,0.0,121571.0,0.0,0.045,cubic,1448.0,536.0,0.0,89477120.0,0.0,17179869184.0,29368320.0,14084464640.0,0.0,0.0,0.0,"timestamps, SACK",8505598976.0,34022395904.0,0.0,client,192.168.70.31:5201->192.168.70.32:41656,ESTAB,65160.0,0.0,0.056,0.028,10.0,0.0,12482248704.0,1448.0,0.0,2069999999.9999998,4139999999.9999995,0,0,2312924.0,143590188.0,121600.0,21.0,1.582,0.056,cubic,40.0,1448.0,1448.0,89260032.0,17179869184.0,4096.0,89128960.0,1630404608.0,0.0,0.0,0.0,511.0,"timestamps, SACK",179200000.0,716800000.0,0.0,server
2025-11-19 03:21:14.161000013,192.168.70.32:41656->192.168.70.31:5201,ESTAB,0.0,11468160.0,2.05,0.061,3385.0,2782.0,14827520.0,1448.0,0.0,19130000000.0,22950000000.0,15300000000.0,0,812,3375.0,5004288000.0,146070706.0,2357527.0,1e-05,146070704.0,0.0,123674.0,1.0,0.045,cubic,1448.0,536.0,0.0,89477120.0,0.0,17179869184.0,2018115584.0,11974082560.0,0.0,0.0,0.0,"timestamps, SACK",6559998976.0,26239995904.0,1.0,client,192.168.70.31:5201->192.168.70.32:41656,ESTAB,130320.0,0.0,0.056,0.028,10.0,0.0,12482248704.0,1448.0,0.0,2069999999.9999998,4139999999.9999995,0,0,2357731.0,146082915.0,123687.0,10.0,1.372,0.056,cubic,40.0,1448.0,1448.0,178520064.0,17179869184.0,4096.0,89128960.0,1704722432.0,0.0,0.0,0.0,511.0,"timestamps, SACK",179200000.0,716800000.0,0.0,server
2025-11-19 03:21:16.247999907,192.168.70.32:41656->192.168.70.31:5201,ESTAB,0.0,15399776.0,2.19,0.295,3682.0,2782.0,14827520.0,1448.0,0.0,19480000000.0,26420000000.0,17780000000.0,0,812,2903.0,4304429056.0,148798185.0,2406848.0,1e-05,148798183.0,0.0,125762.0,0.0,0.045,cubic,1448.0,536.0,0.0,89477120.0,0.0,17179869184.0,20611072.0,16081321984.0,0.0,0.0,0.0,"timestamps, SACK",7008000000.0,28032000000.0,0.0,client,192.168.70.31:5201->192.168.70.32:41656,ESTAB,49832.0,0.0,0.056,0.028,10.0,0.0,12482248704.0,1448.0,0.0,2069999999.9999998,4139999999.9999995,0,0,2407166.0,148812254.0,125777.0,23.0,2.247,0.056,cubic,40.0,1448.0,1448.0,89260032.0,17179869184.0,2048.0,89128960.0,1756233728.0,0.0,0.0,0.0,511.0,"timestamps, SACK",179200000.0,716800000.0,0.0,server
2025-11-19 03:21:18.359999895,192.168.70.32:41656->192.168.70.31:5201,ESTAB,0.0,7297920.0,1.615,0.075,2780.0,2728.0,14827520.0,1448.0,0.0,19940000000.0,20550000000.0,17550000000.0,0,902,2745.0,4070154240.0,151107811.0,2444549.0,1e-05,151107809.0,0.0,127874.0,0.0,0.045,cubic,1448.0,536.0,0.0,89477120.0,0.0,17179869184.0,1016201216.0,7619870720.0,0.0,1572864.0,0.0,"timestamps, SACK",5168000000.0,20672000000.0,0.0,client,192.168.70.31:5201->192.168.70.32:41656,ESTAB,521280.0,0.0,0.056,0.028,10.0,0.0,12482248704.0,1448.0,0.0,2069999999.9999998,4139999999.9999995,0,0,2444480.0,151098420.0,127869.0,53.0,1.164,0.056,cubic,40.0,1448.0,1448.0,803340288.0,17179869184.0,0.0,89128960.0,1113456640.0,0.0,0.0,89260032.0,601.0,"timestamps, SACK",179200000.0,716800000.0,0.0,server
2025-11-19 03:21:20.525000095,192.168.70.32:41656->192.168.70.31:5201,ESTAB,0.0,8451232.0,2.453,3.337,3065.0,2728.0,14827520.0,1448.0,0.0,14470000000.0,13730000000.0,11920000000.0,0,903,675.0,1000857600.0,153213584.0,2478394.0,1e-05,153213582.0,0.0,129997.0,0.0,0.045,cubic,1448.0,536.0,0.0,89477120.0,272138240.0,17179869184.0,876969984.0,8824455168.0,0.0,786432.0,0.0,"timestamps, SACK",7849600000.0,31398400000.0,0.0,client,192.168.70.31:5201->192.168.70.32:41656,ESTAB,10154240.0,0.0,0.056,0.028,10.0,0.0,12482248704.0,1448.0,0.0,2069999999.9999998,4139999999.9999995,0,0,2479730.0,153326712.0,130123.0,2.0,3.58,0.056,cubic,40.0,1448.0,1448.0,13910474752.0,17179869184.0,0.0,89128960.0,295632896.0,0.0,0.0,550699008.0,602.0,"timestamps, SACK",179200000.0,716800000.0,2.0,server
2025-11-19 03:21:22.628999949,192.168.70.32:41656->192.168.70.31:5201,ESTAB,0.0,11859120.0,2.236,0.137,2414.0,2239.0,14827520.0,1448.0,0.0,12510000000.0,15010000000.0,11720000000.0,0,930,2385.0,3536363520.0,155251730.0,2508858.0,1e-05,155251728.0,0.0,132143.0,0.0,0.045,cubic,1448.0,536.0,0.0,89477120.0,204103680.0,17179869184.0,1616986112.0,12383600640.0,0.0,0.0,0.0,"timestamps, SACK",7155200000.0,28620800000.0,0.0,client,192.168.70.31:5201->192.168.70.32:41656,ESTAB,130144.0,0.0,0.056,0.028,10.0,0.0,12482248704.0,1448.0,0.0,2069999999.9999998,4139999999.9999995,0,0,2510430.0,155351464.0,132237.0,26.0,1.067,0.056,cubic,40.0,1448.0,1448.0,178520064.0,17179869184.0,0.0,89128960.0,1792802816.0,0.0,0.0,0.0,629.0,"timestamps, SACK",179200000.0,716800000.0,0.0,server
2025-11-19 03:21:24.788000107,192.168.70.32:41656->192.168.70.31:5201,ESTAB,0.0,15051960.0,0.826,0.101,2700.0,2239.0,14827520.0,1448.0,0.0,37870000000.0,22260000000.0,11580000000.0,0,931,1890.0,2802401280.0,157069348.0,2534609.0,1e-05,157069346.0,0.0,134303.0,1.0,0.045,cubic,1448.0,536.0,0.0,89477120.0,272138240.0,17179869184.0,75571200.0,15715983360.0,0.0,786432.0,0.0,"timestamps, SACK",2643198976.0,10572795904.0,0.0,client,192.168.70.31:5201->192.168.70.32:41656,ESTAB,0.0,0.0,0.056,0.028,10.0,0.0,12482248704.0,1448.0,0.0,2069999999.9999998,4139999999.9999995,0,0,2535725.0,157155492.0,134410.0,6.0,1.78,0.056,cubic,40.0,1448.0,1448.0,0.0,17179869184.0,0.0,89128960.0,1900019712.0,0.0,0.0,0.0,630.0,"timestamps, SACK",179200000.0,716800000.0,0.0,server
2025-11-19 03:21:26.903000116,192.168.70.32:41656->192.168.70.31:5201,ESTAB,0.0,4496040.0,0.804,0.085,3029.0,2239.0,14827520.0,1448.0,0.0,43640000000.0,12320000000.0,12220000000.0,0,932,3029.0,4491255808.0,159181808.0,2567528.0,1e-05,159181806.0,0.0,136418.0,3.0,0.045,cubic,1448.0,536.0,0.0,89477120.0,204103680.0,17179869184.0,6119424.0,4695695360.0,0.0,0.0,0.0,"timestamps, SACK",2572800000.0,10291200000.0,1.0,client,192.168.70.31:5201->192.168.70.32:41656,ESTAB,0.0,0.0,0.056,0.028,10.0,0.0,12482248704.0,1448.0,0.0,2069999999.9999998,4139999999.9999995,0,0,2569218.0,159300116.0,136561.0,1.0,2.633,0.056,cubic,40.0,1448.0,1448.0,0.0,17179869184.0,0.0,89128960.0,1883242496.0,0.0,0.0,0.0,631.0,"timestamps, SACK",179200000.0,716800000.0,0.0,server
2025-11-19 03:21:29.013999939,192.168.70.32:41656->192.168.70.31:5201,ESTAB,0.0,15833880.0,7.557,7.248,3360.0,2239.0,14827520.0,1448.0,0.0,5150000000.0,0.0,1690000000.0,0,933,405.0,600514560.0,161579786.0,2607118.0,1e-05,161579784.0,0.0,138529.0,0.0,0.045,cubic,1448.0,536.0,0.0,89477120.0,0.0,17179869184.0,72851456.0,16532398080.0,0.0,5505024.0,0.0,"timestamps, SACK",24182400000.0,96729600000.0,0.0,client,192.168.70.31:5201->192.168.70.32:41656,ESTAB,65160.0,0.0,0.056,0.028,10.0,0.0,12482248704.0,1448.0,0.0,2069999999.9999998,4139999999.9999995,0,0,2609606.0,161726094.0,138650.0,12.0,1.952,0.056,cubic,40.0,1448.0,1448.0,89260032.0,17179869184.0,2048.0,89128960.0,1559101440.0,0.0,0.0,0.0,632.0,"timestamps, SACK",179200000.0,716800000.0,0.0,server
2025-11-19 03:21:31.104000092,192.168.70.32:41656->192.168.70.31:5201,ESTAB,0.0,11077200.0,1.15,0.009,2019.0,1695.0,14827520.0,1448.0,0.0,20340000000.0,24410000000.0,19690000000.0,0,993,1800.0,2668953600.0,163802578.0,2641753.0,1e-05,163802576.0,0.0,140618.0,0.0,0.045,cubic,1448.0,536.0,0.0,89477120.0,136069120.0,17179869184.0,1356775424.0,11565875200.0,0.0,786432.0,0.0,"timestamps, SACK",3680000000.0,14720000000.0,0.0,client,192.168.70.31:5201->192.168.70.32:41656,ESTAB,111968.0,0.0,0.056,0.028,10.0,0.0,12482248704.0,1448.0,0.0,2069999999.9999998,4139999999.9999995,0,0,2644817.0,163972512.0,140743.0,163.0,1.0,0.056,cubic,40.0,1448.0,1448.0,178520064.0,17179869184.0,2048.0,89128960.0,1184628736.0,0.0,0.0,0.0,692.0,"timestamps, SACK",179200000.0,716800000.0,0.0,server
2025-11-19 03:21:33.200999975,192.168.70.32:41656->192.168.70.31:5201,ESTAB,0.0,14139720.0,2.07,1.972,2489.0,1695.0,14827520.0,1448.0,0.0,13930000000.0,16710000000.0,2820000000.0,0,994,423.0,627204096.0,166098165.0,2678115.0,1e-05,166098163.0,0.0,142716.0,16.0,0.045,cubic,1448.0,536.0,0.0,89477120.0,0.0,17179869184.0,712704.0,14767431680.0,0.0,0.0,0.0,"timestamps, SACK",6623998976.0,26495995904.0,8.0,client,192.168.70.31:5201->192.168.70.32:41656,ESTAB,10123640.0,0.0,0.056,0.028,10.0,0.0,12482248704.0,1448.0,0.0,2069999999.9999998,4139999999.9999995,0,0,2678941.0,166174455.0,142877.0,1.0,2.895,0.056,cubic,40.0,1448.0,1448.0,13935968256.0,17179869184.0,0.0,89128960.0,530186240.0,0.0,0.0,0.0,696.0,"timestamps, SACK",179200000.0,716800000.0,1.0,server
2025-11-19 03:21:35.302999973,192.168.70.32:41656->192.168.70.31:5201,ESTAB,0.0,12641040.0,2.616,0.049,2845.0,1695.0,14827520.0,1448.0,0.0,12600000000.0,15120000000.0,11990000000.0,0,998,2835.0,4203601920.0,168467694.0,2716396.0,1e-05,168467692.0,0.0,144817.0,0.0,0.045,cubic,1448.0,536.0,0.0,89477120.0,68034560.0,17179869184.0,1870118912.0,13200015360.0,0.0,0.0,0.0,"timestamps, SACK",8371200000.0,33484800000.0,0.0,client,192.168.70.31:5201->192.168.70.32:41656,ESTAB,65160.0,0.0,0.056,0.028,10.0,0.0,12482248704.0,1448.0,0.0,2069999999.9999998,4139999999.9999995,0,0,2719515.0,168642533.0,144963.0,9.0,1.896,0.056,cubic,40.0,1448.0,1448.0,89260032.0,17179869184.0,4096.0,89128960.0,1336803328.0,0.0,0.0,0.0,697.0,"timestamps, SACK",179200000.0,716800000.0,0.0,server
2025-11-19 03:21:37.397000074,192.168.70.32:41656->192.168.70.31:5201,ESTAB,0.0,13813920.0,3.053,0.023,3180.0,1695.0,14827520.0,1448.0,0.0,12070000000.0,14480000000.0,11850000000.0,0,998,3150.0,4670668800.0,170693435.0,2751689.0,1e-05,170693433.0,0.0,146912.0,0.0,0.045,cubic,1448.0,536.0,0.0,89477120.0,68034560.0,17179869184.0,1717927936.0,14425948160.0,0.0,0.0,0.0,"timestamps, SACK",9769600000.0,39078400000.0,0.0,client,192.168.70.31:5201->192.168.70.32:41656,ESTAB,9376232.0,0.0,0.056,0.028,10.0,0.0,12482248704.0,1448.0,0.0,2069999999.9999998,4139999999.9999995,0,0,2753253.0,170781807.0,147053.0,1.0,0.512,0.056,cubic,40.0,1448.0,1448.0,12898009088.0,17179869184.0,0.0,89128960.0,1622671360.0,0.0,0.0,0.0,697.0,"timestamps, SACK",179200000.0,716800000.0,0.0,server
2025-11-19 03:21:39.490000010,192.168.70.32:41656->192.168.70.31:5201,ESTAB,0.0,13422960.0,3.341,0.039,3535.0,1695.0,14827520.0,1448.0,0.0,12260000000.0,14710000000.0,12390000000.0,0,998,3510.0,5204459520.0,173318201.0,2795146.0,1e-05,173318199.0,0.0,149004.0,0.0,0.045,cubic,1448.0,536.0,0.0,89477120.0,68034560.0,17179869184.0,2127446016.0,14016430080.0,0.0,0.0,0.0,"timestamps, SACK",10691200000.0,42764800000.0,0.0,client,192.168.70.31:5201->192.168.70.32:41656,ESTAB,28256.0,0.0,0.056,0.028,10.0,0.0,12482248704.0,1448.0,0.0,2069999999.9999998,4139999999.9999995,0,0,2797949.0,173508553.0,149196.0,14.0,2.018,0.056,cubic,40.0,1448.0,1448.0,89260032.0,17179869184.0,6144.0,89128960.0,1718484992.0,0.0,0.0,0.0,697.0,"timestamps, SACK",179200000.0,716800000.0,0.0,server
2025-11-19 03:21:41.599999905,192.168.70.32:41656->192.168.70.31:5201,ESTAB,0.0,15312600.0,2.827,0.204,3826.0,1695.0,14827520.0,1448.0,0.0,15680000000.0,19120000000.0,14950000000.0,0,998,3825.0,5671526400.0,175763148.0,2836072.0,1e-05,175763146.0,0.0,151114.0,0.0,0.045,cubic,1448.0,536.0,0.0,89477120.0,68034560.0,17179869184.0,70557696.0,15989432320.0,0.0,0.0,0.0,"timestamps, SACK",9046400000.0,36185600000.0,0.0,client,192.168.70.31:5201->192.168.70.32:41656,ESTAB,912240.0,0.0,0.056,0.028,10.0,0.0,12482248704.0,1448.0,0.0,2069999999.9999998,4139999999.9999995,0,0,2840030.0,175987802.0,151278.0,3.0,1.975,0.056,cubic,40.0,1448.0,1448.0,1249640448.0,17179869184.0,4096.0,89128960.0,1141112832.0,0.0,0.0,89260032.0,697.0,"timestamps, SACK",179200000.0,716800000.0,0.0,server
2025-11-19 03:21:43.687999964,192.168.70.32:41656->192.168.70.31:5201,ESTAB,0.0,11743160.0,1.912,0.013,2953.0,2884.0,14827520.0,1448.0,0.0,17890000000.0,21460000000.0,17680000000.0,0,1027,2925.0,4337049600.0,178767744.0,2884860.0,1e-05,178767742.0,0.0,153203.0,0.0,0.045,cubic,1448.0,536.0,0.0,89477120.0,136069120.0,17179869184.0,660414464.0,12262236160.0,0.0,0.0,0.0,"timestamps, SACK",6118400000.0,24473600000.0,0.0,client,192.168.70.31:5201->192.168.70.32:41656,ESTAB,0.0,0.0,0.056,0.028,10.0,0.0,12482248704.0,1448.0,0.0,2069999999.9999998,4139999999.9999995,0,0,2888564.0,179007624.0,153402.0,26.0,2.31,0.056,cubic,40.0,1448.0,1448.0,0.0,17179869184.0,0.0,89128960.0,1967128576.0,0.0,0.0,0.0,697.0,"timestamps, SACK",179200000.0,716800000.0,0.0,server
2025-11-19 03:21:45.795000076,192.168.70.32:41656->192.168.70.31:5201,ESTAB,0.0,14856480.0,2.135,0.075,3393.0,2884.0,14827520.0,1448.0,0.0,18410000000.0,22090000000.0,12300000000.0,0,1027,3375.0,5004288000.0,181483862.0,2929824.0,1e-05,181483860.0,0.0,155310.0,1.0,0.045,cubic,1448.0,536.0,0.0,89477120.0,0.0,17179869184.0,1705738240.0,15511879680.0,0.0,0.0,0.0,"timestamps, SACK",6831998976.0,27327995904.0,1.0,client,192.168.70.31:5201->192.168.70.32:41656,ESTAB,0.0,0.0,0.056,0.028,10.0,0.0,12482248704.0,1448.0,0.0,2069999999.9999998,4139999999.9999995,0,0,2934221.0,181701287.0,155482.0,256.0,1.321,0.056,cubic,40.0,1448.0,1448.0,0.0,17179869184.0,2048.0,89128960.0,1665138688.0,0.0,0.0,0.0,697.0,"timestamps, SACK",179200000.0,716800000.0,0.0,server
2025-11-19 03:21:47.881999969,192.168.70.32:41656->192.168.70.31:5201,ESTAB,0.0,10751400.0,1.143,0.329,3700.0,2884.0,14827520.0,1448.0,0.0,37500000000.0,0.0,11350000000.0,0,1027,1260.0,1868267520.0,184034349.0,2975601.0,1e-05,184034347.0,0.0,157396.0,0.0,0.045,cubic,1448.0,536.0,0.0,89477120.0,204104704.0,17179869184.0,1704026112.0,11227013120.0,0.0,0.0,0.0,"timestamps, SACK",3657598976.0,14630395904.0,0.0,client,192.168.70.31:5201->192.168.70.32:41656,ESTAB,0.0,0.0,0.056,0.028,10.0,0.0,12482248704.0,1448.0,0.0,2069999999.9999998,4139999999.9999995,0,0,2980486.0,184333000.0,157636.0,6.0,2.326,0.056,cubic,40.0,1448.0,1448.0,0.0,17179869184.0,0.0,89128960.0,1434451968.0,0.0,0.0,0.0,697.0,"timestamps, SACK",179200000.0,716800000.0,0.0,server
2025-11-19 03:21:49.973999977,192.168.70.32:41656->192.168.70.31:5201,ESTAB,0.0,12716952.0,1.767,0.017,2866.0,2660.0,14827520.0,1448.0,0.0,18790000000.0,22680000000.0,18920000000.0,0,1704,2835.0,4203601920.0,186297685.0,3012560.0,1e-05,186297683.0,0.0,159487.0,0.0,0.045,cubic,1448.0,536.0,0.0,89477120.0,68034560.0,17179869184.0,29466624.0,13279059968.0,0.0,0.0,0.0,"timestamps, SACK",5654400000.0,22617600000.0,0.0,client,192.168.70.31:5201->192.168.70.32:41656,ESTAB,924416.0,0.0,0.056,0.028,10.0,0.0,12482248704.0,1448.0,0.0,2069999999.9999998,4139999999.9999995,0,0,3017636.0,186640936.0,159740.0,22.0,1.289,0.056,cubic,40.0,1448.0,1448.0,1283325952.0,17179869184.0,2048.0,89128960.0,1296171008.0,0.0,0.0,0.0,1374.0,"timestamps, SACK",179200000.0,716800000.0,0.0,server
2025-11-19 03:21:52.058000088,192.168.70.32:41656->192.168.70.31:5201,ESTAB,0.0,15820368.0,2.086,0.017,3263.0,2660.0,14827520.0,1448.0,0.0,18120000000.0,21380000000.0,17079999999.999998,0,1704,2835.0,4203601920.0,188925976.0,3055394.0,1e-05,188925974.0,0.0,161573.0,0.0,0.045,cubic,1448.0,536.0,0.0,89477120.0,272138240.0,17179869184.0,19578880.0,16518561792.0,0.0,0.0,0.0,"timestamps, SACK",6675198976.0,26700795904.0,0.0,client,192.168.70.31:5201->192.168.70.32:41656,ESTAB,1924848.0,0.0,0.056,0.028,10.0,0.0,12482248704.0,1448.0,0.0,2069999999.9999998,4139999999.9999995,0,0,3060602.0,189248566.0,161877.0,7.0,2.324,0.056,cubic,40.0,1448.0,1448.0,2707816448.0,17179869184.0,0.0,89128960.0,1650065408.0,0.0,0.0,0.0,1374.0,"timestamps, SACK",179200000.0,716800000.0,0.0,server
2025-11-19 03:21:54.256999969,192.168.70.32:41656->192.168.70.31:5201,ESTAB,0.0,14139720.0,2.204,0.031,3639.0,2660.0,14827520.0,1448.0,0.0,19130000000.0,22950000000.0,18580000000.0,0,1705,3600.0,5337907200.0,191691434.0,3101150.0,1e-05,191691432.0,0.0,163772.0,0.0,0.045,cubic,1448.0,536.0,0.0,89477120.0,136069120.0,17179869184.0,1411309568.0,14766120960.0,0.0,0.0,0.0,"timestamps, SACK",7052800000.0,28211200000.0,0.0,client,192.168.70.31:5201->192.168.70.32:41656,ESTAB,4887000.0,0.0,0.056,0.028,10.0,0.0,12482248704.0,1448.0,0.0,2069999999.9999998,4139999999.9999995,0,0,3105240.0,191928839.0,163966.0,7.0,1.152,0.056,cubic,40.0,1448.0,1448.0,6694502400.0,17179869184.0,2048.0,89128960.0,1643773952.0,0.0,0.0,89260032.0,1375.0,"timestamps, SACK",179200000.0,716800000.0,0.0,server
2025-11-19 03:21:56.346999884,192.168.70.32:41656->192.168.70.31:5201,ESTAB,0.0,14598736.0,2.029,0.016,2909.0,2618.0,14827520.0,1448.0,0.0,16610000000.0,19900000000.0,14930000000.0,0,1727,2882.0,4273291264.0,194085010.0,3142865.0,1e-05,194085008.0,0.0,165861.0,0.0,0.045,cubic,1448.0,536.0,0.0,89477120.0,136069120.0,17179869184.0,163479552.0,15225421824.0,0.0,0.0,0.0,"timestamps, SACK",6492800000.0,25971200000.0,0.0,client,192.168.70.31:5201->192.168.70.32:41656,ESTAB,2085120.0,0.0,0.056,0.028,10.0,0.0,12482248704.0,1448.0,0.0,2069999999.9999998,4139999999.9999995,0,0,3146656.0,194332435.0,166133.0,0.0,6.288,0.056,cubic,40.0,1448.0,1448.0,2856321024.0,17179869184.0,0.0,89128960.0,2009071616.0,0.0,0.0,5772148736.0,1397.0,"timestamps, SACK",179200000.0,716800000.0,0.0,server
2025-11-19 03:21:58.440999985,192.168.70.32:41656->192.168.70.31:5201,ESTAB,0.0,11468160.0,2.043,0.467,3231.0,2618.0,14827520.0,1448.0,0.0,18320000000.0,21980000000.0,2500000000.0,0,1729,1125.0,1668096000.0,196261072.0,3175542.0,1e-05,196261070.0,0.0,167955.0,0.0,0.045,cubic,1448.0,536.0,0.0,89477120.0,272138240.0,17179869184.0,2030698496.0,11974082560.0,0.0,0.0,0.0,"timestamps, SACK",6537600000.0,26150400000.0,0.0,client,192.168.70.31:5201->192.168.70.32:41656,ESTAB,325800.0,0.0,0.056,0.028,10.0,0.0,12482248704.0,1448.0,0.0,2069999999.9999998,4139999999.9999995,0,0,3181760.0,196682175.0,168323.0,1.0,1.999,0.056,cubic,40.0,1448.0,1448.0,446300160.0,17179869184.0,0.0,89128960.0,1613103104.0,0.0,0.0,136970240.0,1400.0,"timestamps, SACK",179200000.0,716800000.0,0.0,server
2025-11-19 03:22:00.532999992,192.168.70.32:41656->192.168.70.31:5201,ESTAB,0.0,13839984.0,3.255,0.169,3475.0,2618.0,14827520.0,1448.0,0.0,12370000000.0,14840000000.0,11880000000.0,0,1734,3438.0,5097701376.0,198503231.0,3210498.0,1e-05,198503229.0,0.0,170048.0,0.0,0.045,cubic,1448.0,536.0,0.0,89477120.0,69345280.0,17179869184.0,1698316288.0,14453948416.0,0.0,0.0,0.0,"timestamps, SACK",10416000000.0,41664000000.0,0.0,client,192.168.70.31:5201->192.168.70.32:41656,ESTAB,7102440.0,0.0,0.056,0.028,10.0,0.0,12482248704.0,1448.0,0.0,2069999999.9999998,4139999999.9999995,0,0,3217420.0,198975051.0,170483.0,0.0,1.363,0.056,cubic,40.0,1448.0,1448.0,9729605632.0,17179869184.0,0.0,89128960.0,370278400.0,0.0,0.0,0.0,1405.0,"timestamps, SACK",179200000.0,716800000.0,0.0,server
2025-11-19 03:22:02.694000006,192.168.70.32:41656->192.168.70.31:5201,ESTAB,0.0,11403000.0,0.677,0.1,1141.0,940.0,14827520.0,1448.0,0.0,19520000000.0,23420000000.0,11770000000.0,0,2005,1125.0,1668096000.0,200922059.0,3251781.0,1e-05,200922057.0,0.0,172209.0,1.0,0.045,cubic,1448.0,536.0,0.0,89477120.0,0.0,17179869184.0,2115510272.0,11906048000.0,0.0,0.0,0.0,"timestamps, SACK",2166400000.0,8665600000.0,1.0,client,192.168.70.31:5201->192.168.70.32:41656,ESTAB,56472.0,0.0,0.056,0.028,10.0,0.0,12482248704.0,1448.0,0.0,2069999999.9999998,4139999999.9999995,0,0,3257836.0,201269264.0,172590.0,30.0,1.001,0.056,cubic,40.0,1448.0,1448.0,77463552.0,17179869184.0,2048.0,89128960.0,1482817536.0,0.0,0.0,0.0,1405.0,"timestamps, SACK",179200000.0,716800000.0,0.0,server
2025-11-19 03:22:04.780999899,192.168.70.32:41656->192.168.70.31:5201,ESTAB,0.0,10230120.0,1.193,0.184,1866.0,940.0,14827520.0,1448.0,0.0,18120000000.0,18530000000.0,13810000000.0,0,2005,294.0,435929088.0,203194109.0,3294334.0,1e-05,203194107.0,0.0,174296.0,0.0,0.045,cubic,1448.0,536.0,0.0,89477120.0,272138240.0,17179869184.0,1136812032.0,10682736640.0,0.0,0.0,0.0,"timestamps, SACK",3817600000.0,15270400000.0,0.0,client,192.168.70.31:5201->192.168.70.32:41656,ESTAB,0.0,0.0,0.056,0.028,10.0,0.0,12482248704.0,1448.0,0.0,2069999999.9999998,4139999999.9999995,0,0,3302875.0,203669399.0,174688.0,4.0,1.0,0.056,cubic,40.0,1448.0,1448.0,0.0,17179869184.0,0.0,89128960.0,1581252608.0,0.0,0.0,0.0,1405.0,"timestamps, SACK",179200000.0,716800000.0,0.0,server
2025-11-19 03:22:06.875000000,192.168.70.32:41656->192.168.70.31:5201,ESTAB,0.0,14478784.0,0.859,0.156,2410.0,940.0,14827520.0,1448.0,0.0,32500000000.0,0.0,12050000000.0,0,2006,1440.0,2135162880.0,205603961.0,3334900.0,1e-05,205603959.0,0.0,176390.0,0.0,0.045,cubic,1448.0,536.0,0.0,89477120.0,204103680.0,17179869184.0,706543616.0,15118565376.0,0.0,786432.0,0.0,"timestamps, SACK",2748800000.0,10995200000.0,0.0,client,192.168.70.31:5201->192.168.70.32:41656,ESTAB,1823760.0,0.0,0.056,0.028,10.0,0.0,12482248704.0,1448.0,0.0,2069999999.9999998,4139999999.9999995,0,0,3340315.0,205998461.0,176866.0,3.0,1.461,0.056,cubic,40.0,1448.0,1448.0,2499280896.0,17179869184.0,2048.0,89128960.0,1594359808.0,0.0,0.0,0.0,1406.0,"timestamps, SACK",179200000.0,716800000.0,0.0,server
2025-11-19 03:22:08.986000061,192.168.70.32:41656->192.168.70.31:5201,ESTAB,0.0,12164680.0,2.272,0.081,2874.0,940.0,14827520.0,1448.0,0.0,14650000000.0,17050000000.0,13950000000.0,0,2006,538.0,797720576.0,208182671.0,3379601.0,1e-05,208182669.0,0.0,178497.0,0.0,0.045,cubic,1448.0,536.0,0.0,89477120.0,204103680.0,17179869184.0,75685888.0,12704358400.0,0.0,0.0,0.0,"timestamps, SACK",7270398976.0,29081595904.0,2.0,client,192.168.70.31:5201->192.168.70.32:41656,ESTAB,130320.0,0.0,0.056,0.028,10.0,0.0,12482248704.0,1448.0,0.0,2069999999.9999998,4139999999.9999995,0,0,3387666.0,208701213.0,179025.0,8.0,1.71,0.056,cubic,40.0,1448.0,1448.0,178520064.0,17179869184.0,0.0,89128960.0,1742471168.0,0.0,0.0,1029570560.0,1409.0,"timestamps, SACK",179200000.0,716800000.0,0.0,server
2025-11-19 03:22:11.072000027,192.168.70.32:41656->192.168.70.31:5201,ESTAB,0.0,12054600.0,1.578,0.122,3143.0,940.0,14827520.0,1448.0,0.0,23070000000.0,27670000000.0,16190000000.000002,0,2012,1125.0,1668096000.0,210191570.0,3410475.0,1e-05,210191568.0,0.0,180587.0,0.0,0.045,cubic,1448.0,536.0,0.0,89477120.0,272138240.0,17179869184.0,1408688128.0,12587704320.0,0.0,0.0,0.0,"timestamps, SACK",5049600000.0,20198400000.0,0.0,client,192.168.70.31:5201->192.168.70.32:41656,ESTAB,65160.0,0.0,0.056,0.028,10.0,0.0,12482248704.0,1448.0,0.0,2069999999.9999998,4139999999.9999995,0,0,3422083.0,210811880.0,181115.0,21.0,1.167,0.056,cubic,40.0,1448.0,1448.0,89260032.0,17179869184.0,2048.0,89128960.0,1592655872.0,0.0,0.0,0.0,1412.0,"timestamps, SACK",179200000.0,716800000.0,0.0,server
2025-11-19 03:22:13.184000015,192.168.70.32:41656->192.168.70.31:5201,ESTAB,0.0,13683600.0,1.221,0.135,3488.0,940.0,14827520.0,1448.0,0.0,33090000000.000004,0.0,14930000000.0,0,2012,3465.0,5137735680.0,212777241.0,3457106.0,1e-05,212777239.0,0.0,182696.0,1.0,0.045,cubic,1448.0,536.0,0.0,89477120.0,68034560.0,17179869184.0,78233600.0,14287257600.0,0.0,786432.0,0.0,"timestamps, SACK",3907200000.0,15628800000.0,0.0,client,192.168.70.31:5201->192.168.70.32:41656,ESTAB,0.0,0.0,0.056,0.028,10.0,0.0,12482248704.0,1448.0,0.0,2069999999.9999998,4139999999.9999995,0,0,3467617.0,213387557.0,183207.0,30.0,2.778,0.056,cubic,40.0,1448.0,1448.0,0.0,17179869184.0,0.0,89128960.0,2113929216.0,0.0,0.0,0.0,1412.0,"timestamps, SACK",179200000.0,716800000.0,0.0,server
2025-11-19 03:22:15.303999901,192.168.70.32:41656->192.168.70.31:5201,ESTAB,0.0,13959224.0,1.884,0.033,3796.0,940.0,14827520.0,1448.0,0.0,23340000000.0,28160000000.0,20020000000.0,0,2012,2835.0,4203601920.0,215238177.0,3499119.0,1e-05,215238175.0,0.0,184819.0,0.0,0.045,cubic,1448.0,536.0,0.0,89477120.0,272138240.0,17179869184.0,66265088.0,14576050176.0,0.0,0.0,0.0,"timestamps, SACK",6028798976.0,24115195904.0,0.0,client,192.168.70.31:5201->192.168.70.32:41656,ESTAB,489424.0,0.0,0.056,0.028,10.0,0.0,12482248704.0,1448.0,0.0,2069999999.9999998,4139999999.9999995,0,0,3510077.0,215904225.0,185374.0,1.0,1.977,0.056,cubic,40.0,1448.0,1448.0,670564352.0,17179869184.0,0.0,89128960.0,1455947776.0,0.0,0.0,89260032.0,1412.0,"timestamps, SACK",179200000.0,716800000.0,0.0,server
2025-11-19 03:22:17.404999971,192.168.70.32:41656->192.168.70.31:5201,ESTAB,0.0,13538800.0,2.171,0.083,3014.0,2722.0,14827520.0,1448.0,0.0,16079999999.999998,19290000000.0,15740000000.0,0,2060,3005.0,4455669760.0,217605005.0,3536855.0,1e-05,217605003.0,0.0,186920.0,0.0,0.045,cubic,1448.0,536.0,0.0,89477120.0,136069120.0,17179869184.0,2002010112.0,14137671680.0,0.0,0.0,0.0,"timestamps, SACK",6947198976.0,27788795904.0,0.0,client,192.168.70.31:5201->192.168.70.32:41656,ESTAB,65160.0,0.0,0.056,0.028,10.0,0.0,12482248704.0,1448.0,0.0,2069999999.9999998,4139999999.9999995,0,0,3548119.0,218303480.0,187473.0,1.0,2.09,0.056,cubic,40.0,1448.0,1448.0,89260032.0,17179869184.0,2048.0,89128960.0,1131282432.0,0.0,0.0,0.0,1460.0,"timestamps, SACK",179200000.0,716800000.0,0.0,server
2025-11-19 03:22:19.496999979,192.168.70.32:41656->192.168.70.31:5201,ESTAB,0.0,15691704.0,2.61,0.022,3361.0,2722.0,14827520.0,1448.0,0.0,14920000000.0,17680000000.0,13160000000.0,0,2061,3330.0,4937564160.0,220243681.0,3579196.0,1e-05,220243679.0,0.0,189012.0,0.0,0.045,cubic,1448.0,536.0,0.0,89477120.0,0.0,17179869184.0,10035200.0,16385499136.0,0.0,0.0,0.0,"timestamps, SACK",8352000000.0,33408000000.0,0.0,client,192.168.70.31:5201->192.168.70.32:41656,ESTAB,65160.0,0.0,0.056,0.028,10.0,0.0,12482248704.0,1448.0,0.0,2069999999.9999998,4139999999.9999995,0,0,3587540.0,220774044.0,189565.0,32.0,1.899,0.056,cubic,40.0,1448.0,1448.0,89260032.0,17179869184.0,0.0,89128960.0,1861091328.0,0.0,0.0,0.0,1462.0,"timestamps, SACK",179200000.0,716800000.0,0.0,server
2025-11-19 03:22:21.588000059,192.168.70.32:41656->192.168.70.31:5201,ESTAB,0.0,13530424.0,3.11,0.01,3717.0,2722.0,14827520.0,1448.0,0.0,13840000000.0,16700000000.0,13840000000.0,0,2062,3690.0,5471354880.0,222938263.0,3622529.0,1e-05,222938261.0,0.0,191103.0,0.0,0.045,cubic,1448.0,536.0,0.0,89477120.0,0.0,17179869184.0,36380672.0,14127783936.0,0.0,0.0,0.0,"timestamps, SACK",9952000000.0,39808000000.0,0.0,client,192.168.70.31:5201->192.168.70.32:41656,ESTAB,2345760.0,0.0,0.056,0.028,10.0,0.0,12482248704.0,1448.0,0.0,2069999999.9999998,4139999999.9999995,0,0,3632827.0,223652962.0,191730.0,5.0,1.405,0.056,cubic,40.0,1448.0,1448.0,3213361152.0,17179869184.0,0.0,89128960.0,1865940992.0,0.0,0.0,0.0,1466.0,"timestamps, SACK",179200000.0,716800000.0,0.0,server
2025-11-19 03:22:23.680999994,192.168.70.32:41656->192.168.70.31:5201,ESTAB,0.0,15833880.0,2.812,0.04,2992.0,2648.0,14827520.0,1448.0,0.0,12330000000.0,14790000000.0,12140000000.0,0,2066,2970.0,4403773440.0,225761728.0,3661458.0,1e-05,225761726.0,0.0,193195.0,0.0,0.045,cubic,1448.0,536.0,0.0,89477120.0,68034560.0,17179869184.0,685219840.0,16532398080.0,0.0,0.0,0.0,"timestamps, SACK",8998400000.0,35993600000.0,0.0,client,192.168.70.31:5201->192.168.70.32:41656,ESTAB,0.0,0.0,0.056,0.028,10.0,0.0,12482248704.0,1448.0,0.0,2069999999.9999998,4139999999.9999995,0,0,3674127.0,226593611.0,193822.0,52.0,1.333,0.056,cubic,40.0,1448.0,1448.0,0.0,17179869184.0,2048.0,89128960.0,1732247552.0,0.0,0.0,0.0,1466.0,"timestamps, SACK",179200000.0,716800000.0,0.0,server
2025-11-19 03:22:25.769000053,192.168.70.32:41656->192.168.70.31:5201,ESTAB,0.0,15681840.0,1.072,0.546,3379.0,2648.0,14827520.0,1448.0,0.0,36510000000.0,0.0,15980000000.0,0,2066,3379.0,5010219008.0,228471283.0,3703446.0,1e-05,228471281.0,0.0,195283.0,0.0,0.045,cubic,1448.0,536.0,0.0,89477120.0,107896832.0,17179869184.0,418594816.0,16375398400.0,0.0,2359296.0,0.0,"timestamps, SACK",3430400000.0,13721600000.0,0.0,client,192.168.70.31:5201->192.168.70.32:41656,ESTAB,0.0,0.0,0.056,0.028,10.0,0.0,12482248704.0,1448.0,0.0,2069999999.9999998,4139999999.9999995,0,0,3717668.0,229292880.0,195905.0,6.0,1.364,0.056,cubic,40.0,1448.0,1448.0,0.0,17179869184.0,0.0,89128960.0,1082130432.0,0.0,0.0,89260032.0,1466.0,"timestamps, SACK",179200000.0,716800000.0,0.0,server
2025-11-19 03:22:27.861000061,192.168.70.32:41656->192.168.70.31:5201,ESTAB,0.0,11728800.0,1.338,0.294,2623.0,2553.0,14827520.0,1448.0,0.0,22710000000.0,27250000000.0,7430000000.0,0,2113,2070.0,3069296640.0,230936688.0,3744521.0,1e-05,230936686.0,0.0,197376.0,0.0,0.045,cubic,1448.0,536.0,0.0,89477120.0,272138240.0,17179869184.0,1750171648.0,12246220800.0,0.0,0.0,0.0,"timestamps, SACK",4281600000.0,17126400000.0,0.0,client,192.168.70.31:5201->192.168.70.32:41656,ESTAB,22504.0,0.0,0.056,0.028,10.0,0.0,12482248704.0,1448.0,0.0,2069999999.9999998,4139999999.9999995,0,0,3752675.0,231504240.0,197998.0,2.0,2.01,0.056,cubic,40.0,1448.0,1448.0,89260032.0,17179869184.0,4096.0,89128960.0,1164836864.0,0.0,0.0,0.0,1513.0,"timestamps, SACK",179200000.0,716800000.0,0.0,server
2025-11-19 03:22:29.989000082,192.168.70.32:41656->192.168.70.31:5201,ESTAB,0.0,13695032.0,1.189,0.202,2995.0,2553.0,14827520.0,1448.0,0.0,29180000000.0,0.0,12970000000.0,0,2114,2655.0,3936706560.0,232809501.0,3770814.0,1e-05,232809499.0,0.0,199503.0,0.0,0.045,cubic,1448.0,536.0,0.0,89477120.0,204103680.0,17179869184.0,40050688.0,14300274688.0,0.0,0.0,0.0,"timestamps, SACK",3804800000.0,15219200000.0,0.0,client,192.168.70.31:5201->192.168.70.32:41656,ESTAB,8362048.0,0.0,0.056,0.028,10.0,0.0,12482248704.0,1448.0,0.0,2069999999.9999998,4139999999.9999995,0,0,3778182.0,233340589.0,200117.0,0.0,4.162,0.056,cubic,40.0,1448.0,1448.0,11499339776.0,17179869184.0,0.0,89128960.0,1251344384.0,0.0,0.0,3652321280.0,1516.0,"timestamps, SACK",179200000.0,716800000.0,0.0,server
2025-11-19 03:22:32.108000040,192.168.70.32:41656->192.168.70.31:5201,ESTAB,0.0,16485480.0,3.622,0.293,3260.0,2553.0,14827520.0,1448.0,0.0,10430000000.0,12510000000.0,9980000000.0,0,2122,3240.0,4804116480.0,234792295.0,3799532.0,1e-05,234792293.0,0.0,201622.0,4.0,0.045,cubic,1448.0,536.0,0.0,89477120.0,0.0,17179869184.0,7757824.0,17214054400.0,0.0,0.0,0.0,"timestamps, SACK",11590400000.0,46361600000.0,3.0,client,192.168.70.31:5201->192.168.70.32:41656,ESTAB,130320.0,0.0,0.056,0.028,10.0,0.0,12482248704.0,1448.0,0.0,2069999999.9999998,4139999999.9999995,0,0,3808168.0,235363989.0,202203.0,11.0,1.86,0.056,cubic,40.0,1448.0,1448.0,178520064.0,17179869184.0,0.0,89128960.0,1297874944.0,0.0,0.0,0.0,1523.0,"timestamps, SACK",179200000.0,716800000.0,0.0,server
2025-11-19 03:22:34.207999945,192.168.70.32:41656->192.168.70.31:5201,ESTAB,0.0,16048504.0,2.699,0.251,3442.0,2553.0,14827520.0,1448.0,0.0,14770000000.0,17720000000.0,15910000000.0,0,2125,2928.0,4341497856.0,236770418.0,3828843.0,1e-05,236770416.0,0.0,203723.0,0.0,0.045,cubic,1448.0,536.0,0.0,89477120.0,0.0,17179869184.0,33955840.0,16760037376.0,0.0,0.0,0.0,"timestamps, SACK",8636800000.0,34547200000.0,0.0,client,192.168.70.31:5201->192.168.70.32:41656,ESTAB,130320.0,0.0,0.056,0.028,10.0,0.0,12482248704.0,1448.0,0.0,2069999999.9999998,4139999999.9999995,0,0,3837947.0,237344618.0,204295.0,4.0,1.963,0.056,cubic,40.0,1448.0,1448.0,178520064.0,17179869184.0,0.0,89128960.0,1927020544.0,0.0,0.0,0.0,1525.0,"timestamps, SACK",179200000.0,716800000.0,0.0,server
2025-11-19 03:22:36.301000118,192.168.70.32:41656->192.168.70.31:5201,ESTAB,0.0,15573240.0,2.353,0.014,3690.0,2553.0,14827520.0,1448.0,0.0,18170000000.0,21800000000.0,17880000000.0,0,2125,3690.0,5471354880.0,239225707.0,3869574.0,1e-05,239225705.0,0.0,205816.0,0.0,0.045,cubic,1448.0,536.0,0.0,89477120.0,136069120.0,17179869184.0,961552384.0,16260259840.0,0.0,0.0,0.0,"timestamps, SACK",7529600000.0,30118400000.0,0.0,client,192.168.70.31:5201->192.168.70.32:41656,ESTAB,1368360.0,0.0,0.056,0.028,10.0,0.0,12482248704.0,1448.0,0.0,2069999999.9999998,4139999999.9999995,0,0,3881624.0,239990951.0,206405.0,10.0,1.455,0.056,cubic,40.0,1448.0,1448.0,1874460672.0,17179869184.0,2048.0,89128960.0,1611005952.0,0.0,0.0,178520064.0,1525.0,"timestamps, SACK",179200000.0,716800000.0,0.0,server
2025-11-19 03:22:38.388000011,192.168.70.32:41656->192.168.70.31:5201,ESTAB,0.0,16094520.0,2.65,0.099,3966.0,2553.0,14827520.0,1448.0,0.0,17340000000.0,20800000000.0,14990000000.0,0,2125,3960.0,5871697920.0,241730470.0,3908949.0,1e-05,241730468.0,0.0,207902.0,0.0,0.045,cubic,1448.0,536.0,0.0,89477120.0,68034560.0,17179869184.0,417275904.0,16804536320.0,0.0,0.0,0.0,"timestamps, SACK",8480000000.0,33920000000.0,0.0,client,192.168.70.31:5201->192.168.70.32:41656,ESTAB,586440.0,0.0,0.056,0.028,10.0,0.0,12482248704.0,1448.0,0.0,2069999999.9999998,4139999999.9999995,0,0,3920558.0,242467858.0,208537.0,13.0,2.616,0.056,cubic,40.0,1448.0,1448.0,803340288.0,17179869184.0,0.0,89128960.0,1184759808.0,0.0,0.0,0.0,1525.0,"timestamps, SACK",179200000.0,716800000.0,1.0,server
2025-11-19 03:22:40.473999977,192.168.70.32:41656->192.168.70.31:5201,ESTAB,0.0,15703560.0,2.484,0.057,3085.0,2916.0,14827520.0,1448.0,0.0,14390000000.0,17260000000.0,11010000000.0,0,2145,3060.0,4537221120.0,244452037.0,3955844.0,1e-05,244452035.0,0.0,209988.0,0.0,0.045,cubic,1448.0,536.0,0.0,89477120.0,0.0,17179869184.0,828366848.0,16397639680.0,0.0,0.0,0.0,"timestamps, SACK",7948800000.0,31795200000.0,0.0,client,192.168.70.31:5201->192.168.70.32:41656,ESTAB,65160.0,0.0,0.056,0.028,10.0,0.0,12482248704.0,1448.0,0.0,2069999999.9999998,4139999999.9999995,0,0,3969302.0,245250403.0,210641.0,31.0,1.285,0.056,cubic,40.0,1448.0,1448.0,89260032.0,17179869184.0,4096.0,89128960.0,1764622336.0,0.0,0.0,0.0,1525.0,"timestamps, SACK",179200000.0,716800000.0,0.0,server
2025-11-19 03:22:42.563999891,192.168.70.32:41656->192.168.70.31:5201,ESTAB,0.0,16485480.0,0.784,0.436,3497.0,2916.0,14827520.0,1448.0,0.0,51670000000.0,0.0,12940000000.0,0,2145,3060.0,4537221120.0,247201234.0,4005331.0,1e-05,247201232.0,0.0,212079.0,1.0,0.045,cubic,1448.0,536.0,0.0,89477120.0,272139264.0,17179869184.0,9068544.0,17212743680.0,0.0,0.0,0.0,"timestamps, SACK",2508800000.0,10035200000.0,0.0,client,192.168.70.31:5201->192.168.70.32:41656,ESTAB,65160.0,0.0,0.056,0.028,10.0,0.0,12482248704.0,1448.0,0.0,2069999999.9999998,4139999999.9999995,0,0,4020913.0,248071952.0,212722.0,183.0,1.277,0.056,cubic,40.0,1448.0,1448.0,89260032.0,17179869184.0,0.0,89128960.0,1760428032.0,0.0,0.0,0.0,1525.0,"timestamps, SACK",179200000.0,716800000.0,0.0,server
2025-11-19 03:22:44.650000095,192.168.70.32:41656->192.168.70.31:5201,ESTAB,0.0,12901680.0,3.673,0.067,3788.0,2916.0,14827520.0,1448.0,0.0,11950000000.0,14320000000.0,11150000000.0,0,2145,3690.0,5471354880.0,249939577.0,4054902.0,1e-05,249939575.0,0.0,214165.0,0.0,0.045,cubic,1448.0,536.0,0.0,89477120.0,272138240.0,17179869184.0,1596669952.0,13473464320.0,0.0,0.0,0.0,"timestamps, SACK",11753600000.0,47014400000.0,0.0,client,192.168.70.31:5201->192.168.70.32:41656,ESTAB,27424.0,0.0,0.056,0.028,10.0,0.0,12482248704.0,1448.0,0.0,2069999999.9999998,4139999999.9999995,0,0,4070805.0,250836302.0,214823.0,39.0,1.569,0.056,cubic,40.0,1448.0,1448.0,71303168.0,17179869184.0,2048.0,89128960.0,1073741824.0,0.0,0.0,0.0,1525.0,"timestamps, SACK",179200000.0,716800000.0,0.0,server
2025-11-19 03:22:46.739000082,192.168.70.32:41656->192.168.70.31:5201,ESTAB,0.0,14534064.0,1.993,0.081,4047.0,2916.0,14827520.0,1448.0,0.0,23520000000.0,28230000000.0,16800000000.0,0,2146,4005.0,5938421760.0,252619158.0,4100451.0,1e-05,252619156.0,0.0,216254.0,1.0,0.045,cubic,1448.0,536.0,0.0,89477120.0,272138240.0,17179869184.0,36257792.0,15176482816.0,0.0,0.0,0.0,"timestamps, SACK",6377600000.0,25510400000.0,0.0,client,192.168.70.31:5201->192.168.70.32:41656,ESTAB,260640.0,0.0,0.056,0.028,10.0,0.0,12482248704.0,1448.0,0.0,2069999999.9999998,4139999999.9999995,0,0,4114895.0,253479326.0,216908.0,127.0,1.19,0.056,cubic,40.0,1448.0,1448.0,357040128.0,17179869184.0,0.0,89128960.0,1408761856.0,0.0,0.0,0.0,1526.0,"timestamps, SACK",179200000.0,716800000.0,0.0,server
2025-11-19 03:22:48.825999975,192.168.70.32:41656->192.168.70.31:5201,ESTAB,0.0,16290000.0,1.498,0.381,3205.0,2875.0,14827520.0,1448.0,0.0,24780000000.0,29740000000.0,15400000000.0,0,2147,3195.0,4737392640.0,255492095.0,4147174.0,1e-05,255492093.0,0.0,218340.0,2.0,0.045,cubic,1448.0,536.0,0.0,89477120.0,0.0,17179869184.0,23117824.0,17009950720.0,0.0,0.0,0.0,"timestamps, SACK",4793600000.0,19174400000.0,0.0,client,192.168.70.31:5201->192.168.70.32:41656,ESTAB,0.0,0.0,0.056,0.028,10.0,0.0,12482248704.0,1448.0,0.0,2069999999.9999998,4139999999.9999995,0,0,4161662.0,256325147.0,218995.0,22.0,1.613,0.056,cubic,40.0,1448.0,1448.0,0.0,17179869184.0,0.0,89128960.0,1224736768.0,0.0,0.0,0.0,1526.0,"timestamps, SACK",179200000.0,716800000.0,0.0,server
2025-11-19 03:22:50.938999891,192.168.70.32:41656->192.168.70.31:5201,ESTAB,0.0,10892512.0,1.181,0.214,4107.0,3079.0,14827520.0,1448.0,0.0,40280000000.0,0.0,10340000000.0,0,2149,2430.0,3603087360.0,257703135.0,4182052.0,1e-05,257703133.0,0.0,220453.0,0.0,0.045,cubic,1448.0,536.0,0.0,89477120.0,272138240.0,17179869184.0,20258816.0,11363082240.0,0.0,0.0,0.0,"timestamps, SACK",3779200000.0,15116800000.0,0.0,client,192.168.70.31:5201->192.168.70.32:41656,ESTAB,6388576.0,0.0,0.056,0.028,10.0,0.0,12482248704.0,1448.0,0.0,2069999999.9999998,4139999999.9999995,0,0,4194438.0,258455829.0,221112.0,0.0,2.531,0.056,cubic,40.0,1448.0,1448.0,8752201728.0,17179869184.0,0.0,89128960.0,194248704.0,0.0,0.0,5488050176.0,1528.0,"timestamps, SACK",179200000.0,716800000.0,0.0,server
2025-11-19 03:22:53.042000055,192.168.70.32:41656->192.168.70.31:5201,ESTAB,0.0,9317880.0,1.545,0.282,4111.0,3079.0,14827520.0,1448.0,0.0,30820000000.0,13570000000.0,11820000000.0,0,2150,2025.0,3002572800.0,260059838.0,4219988.0,1e-05,260059836.0,0.0,222556.0,1.0,0.045,cubic,1448.0,536.0,0.0,89477120.0,0.0,17179869184.0,1050419200.0,9728942080.0,0.0,786432.0,0.0,"timestamps, SACK",4944000000.0,19776000000.0,0.0,client,192.168.70.31:5201->192.168.70.32:41656,ESTAB,61960.0,0.0,0.056,0.028,10.0,0.0,12482248704.0,1448.0,0.0,2069999999.9999998,4139999999.9999995,0,0,4235264.0,260989818.0,223225.0,39.0,1.321,0.056,cubic,40.0,1448.0,1448.0,89260032.0,17179869184.0,0.0,89128960.0,1018036224.0,0.0,0.0,0.0,1529.0,"timestamps, SACK",179200000.0,716800000.0,0.0,server
2025-11-19 03:22:55.128000020,192.168.70.32:41656->192.168.70.31:5201,ESTAB,0.0,12575880.0,4.032,0.15,4116.0,3079.0,14827520.0,1448.0,0.0,11830000000.0,14190000000.0,11270000000.0,0,2150,4095.0,6071869440.0,262803188.0,4265054.0,1e-05,262803186.0,0.0,224642.0,1.0,0.045,cubic,1448.0,536.0,0.0,89477120.0,0.0,17179869184.0,1939464192.0,13130670080.0,0.0,0.0,0.0,"timestamps, SACK",12902400000.0,51609600000.0,0.0,client,192.168.70.31:5201->192.168.70.32:41656,ESTAB,249936.0,0.0,0.056,0.028,10.0,0.0,12482248704.0,1448.0,0.0,2069999999.9999998,4139999999.9999995,0,0,4279602.0,263665489.0,225329.0,73.0,2.24,0.056,cubic,40.0,1448.0,1448.0,357040128.0,17179869184.0,0.0,89128960.0,1660420096.0,0.0,0.0,0.0,1529.0,"timestamps, SACK",179200000.0,716800000.0,0.0,server
2025-11-19 03:22:57.226999998,192.168.70.32:41656->192.168.70.31:5201,ESTAB,0.0,16485480.0,1.164,0.387,3140.0,2884.0,14827520.0,1448.0,0.0,31250000000.0,0.0,15670000000.0,0,2154,3105.0,4603944960.0,265043275.0,4300355.0,1e-05,265043273.0,0.0,226742.0,2.0,0.045,cubic,1448.0,536.0,0.0,89477120.0,0.0,17179869184.0,679936.0,17212743680.0,0.0,0.0,0.0,"timestamps, SACK",3724798976.0,14899195904.0,1.0,client,192.168.70.31:5201->192.168.70.32:41656,ESTAB,7819200.0,0.0,0.056,0.028,10.0,0.0,12482248704.0,1448.0,0.0,2069999999.9999998,4139999999.9999995,0,0,4308493.0,265606115.0,227445.0,6.0,1.171,0.056,cubic,40.0,1448.0,1448.0,10713235456.0,17179869184.0,0.0,89128960.0,1148256256.0,0.0,0.0,178520064.0,1531.0,"timestamps, SACK",179200000.0,716800000.0,0.0,server
2025-11-19 03:22:59.328999996,192.168.70.32:41656->192.168.70.31:5201,ESTAB,0.0,13422960.0,3.463,0.037,3494.0,2884.0,14827520.0,1448.0,0.0,11690000000.0,14020000000.0,11690000000.0,0,2157,3465.0,5137735680.0,266799637.0,4324786.0,1e-05,266799635.0,0.0,228844.0,0.0,0.045,cubic,1448.0,536.0,0.0,89477120.0,68034560.0,17179869184.0,2135834624.0,14016430080.0,0.0,0.0,0.0,"timestamps, SACK",11081600000.0,44326400000.0,0.0,client,192.168.70.31:5201->192.168.70.32:41656,ESTAB,10360440.0,0.0,0.056,0.028,10.0,0.0,12482248704.0,1448.0,0.0,2069999999.9999998,4139999999.9999995,0,0,4334629.0,267483448.0,229570.0,4.0,0.729,0.056,cubic,40.0,1448.0,1448.0,14194180096.0,17179869184.0,0.0,89128960.0,1710620672.0,0.0,0.0,178520064.0,1535.0,"timestamps, SACK",179200000.0,716800000.0,0.0,server
2025-11-19 03:23:01.421999931,192.168.70.32:41656->192.168.70.31:5201,ESTAB,0.0,13879080.0,1.895,0.013,3755.0,2884.0,14827520.0,1448.0,0.0,22950000000.0,27560000000.0,19180000000.0,0,2160,2880.0,4270325760.0,269037958.0,4356928.0,1e-05,269037956.0,0.0,230937.0,0.0,0.045,cubic,1448.0,536.0,0.0,89477120.0,68034560.0,17179869184.0,1102135296.0,14559395840.0,0.0,786432.0,0.0,"timestamps, SACK",6064000000.0,24256000000.0,0.0,client,192.168.70.31:5201->192.168.70.32:41656,ESTAB,5994720.0,0.0,0.056,0.028,10.0,0.0,12482248704.0,1448.0,0.0,2069999999.9999998,4139999999.9999995,0,0,4371607.0,269946966.0,231703.0,0.0,1.354,0.056,cubic,40.0,1448.0,1448.0,8212447232.0,17179869184.0,0.0,89128960.0,192937984.0,0.0,0.0,1428160512.0,1535.0,"timestamps, SACK",179200000.0,716800000.0,0.0,server
2025-11-19 03:23:03.528000115,192.168.70.32:41656->192.168.70.31:5201,ESTAB,0.0,12315240.0,1.94,0.026,3948.0,2884.0,14827520.0,1448.0,0.0,23570000000.0,28290000000.0,17540000000.0,0,2160,3735.0,5538078720.0,271686906.0,4396891.0,1e-05,271686904.0,0.0,233043.0,0.0,0.045,cubic,1448.0,536.0,0.0,89477120.0,272138240.0,17179869184.0,1133666304.0,12858531840.0,0.0,0.0,0.0,"timestamps, SACK",6208000000.0,24832000000.0,0.0,client,192.168.70.31:5201->192.168.70.32:41656,ESTAB,3824808.0,0.0,0.056,0.028,10.0,0.0,12482248704.0,1448.0,0.0,2069999999.9999998,4139999999.9999995,0,0,4410454.0,272762860.0,233808.0,19.0,1.311,0.056,cubic,40.0,1448.0,1448.0,5266604032.0,17179869184.0,4096.0,89128960.0,1180041216.0,0.0,0.0,0.0,1535.0,"timestamps, SACK",179200000.0,716800000.0,0.0,server
2025-11-19 03:23:05.615000010,192.168.70.32:41656->192.168.70.31:5201,ESTAB,0.0,14726160.0,2.74,0.031,4063.0,2884.0,14827520.0,1448.0,0.0,17180000000.0,20610000000.0,16730000000.0,0,2160,3825.0,5671526400.0,274528296.0,4436239.0,1e-05,274528294.0,0.0,235130.0,0.0,0.045,cubic,1448.0,536.0,0.0,89477120.0,272138240.0,17179869184.0,1850195968.0,15375810560.0,0.0,0.0,0.0,"timestamps, SACK",8768000000.0,35072000000.0,0.0,client,192.168.70.31:5201->192.168.70.32:41656,ESTAB,2463048.0,0.0,0.056,0.028,10.0,0.0,12482248704.0,1448.0,0.0,2069999999.9999998,4139999999.9999995,0,0,4453286.0,275657318.0,235923.0,9.0,1.928,0.056,cubic,40.0,1448.0,1448.0,3373924352.0,17179869184.0,0.0,89128960.0,1109786624.0,0.0,0.0,89260032.0,1535.0,"timestamps, SACK",179200000.0,716800000.0,0.0,server
2025-11-19 03:23:07.704999924,192.168.70.32:41656->192.168.70.31:5201,ESTAB,0.0,11347976.0,1.231,0.398,3209.0,2911.0,14827520.0,1448.0,0.0,30200000000.0,0.0,8870000000.0,0,2188,3202.0,4747771904.0,277243231.0,4479964.0,1e-05,277243229.0,0.0,237220.0,1.0,0.045,cubic,1448.0,536.0,0.0,89477120.0,0.0,17179869184.0,1077141504.0,11849703424.0,0.0,0.0,0.0,"timestamps, SACK",3939200000.0,15756800000.0,0.0,client,192.168.70.31:5201->192.168.70.32:41656,ESTAB,33304.0,0.0,0.056,0.028,10.0,0.0,12482248704.0,1448.0,0.0,2069999999.9999998,4139999999.9999995,0,0,4492896.0,278112934.0,238053.0,9.0,4.977,0.056,cubic,40.0,1448.0,1448.0,45744128.0,17179869184.0,2048.0,89128960.0,1296433152.0,0.0,0.0,0.0,1535.0,"timestamps, SACK",179200000.0,716800000.0,0.0,server
2025-11-19 03:23:09.796000004,192.168.70.32:41656->192.168.70.31:5201,ESTAB,0.0,14661000.0,3.871,0.293,3582.0,2911.0,14827520.0,1448.0,0.0,10720000000.0,12860000000.0,11050000000.0,0,2188,2610.0,3869982720.0,279768959.0,4517142.0,1e-05,279768957.0,0.0,239311.0,0.0,0.045,cubic,1448.0,536.0,0.0,89477120.0,272138240.0,17179869184.0,1929502720.0,15309086720.0,0.0,0.0,0.0,"timestamps, SACK",12387200000.0,49548800000.0,0.0,client,192.168.70.31:5201->192.168.70.32:41656,ESTAB,4496040.0,0.0,0.056,0.028,10.0,0.0,12482248704.0,1448.0,0.0,2069999999.9999998,4139999999.9999995,0,0,4532809.0,280711642.0,240190.0,1.0,2.654,0.056,cubic,40.0,1448.0,1448.0,6158942208.0,17179869184.0,0.0,89128960.0,967180288.0,0.0,0.0,0.0,1535.0,"timestamps, SACK",179200000.0,716800000.0,0.0,server
2025-11-19 03:23:11.888000011,192.168.70.32:41656->192.168.70.31:5201,ESTAB,0.0,15442920.0,2.955,0.157,3840.0,2911.0,14827520.0,1448.0,0.0,15050000000.0,18060000000.0,12930000000.0,0,2188,3825.0,5671526400.0,282270047.0,4554972.0,1e-05,282270045.0,0.0,241403.0,0.0,0.045,cubic,1448.0,536.0,0.0,89477120.0,272138240.0,17179869184.0,1097621504.0,16124190720.0,0.0,0.0,0.0,"timestamps, SACK",9456000000.0,37824000000.0,0.0,client,192.168.70.31:5201->192.168.70.32:41656,ESTAB,2271912.0,0.0,0.056,0.028,10.0,0.0,12482248704.0,1448.0,0.0,2069999999.9999998,4139999999.9999995,0,0,4571725.0,283518611.0,242289.0,0.0,2.008,0.056,cubic,40.0,1448.0,1448.0,3112566784.0,17179869184.0,0.0,89128960.0,117047296.0,0.0,0.0,89260032.0,1535.0,"timestamps, SACK",179200000.0,716800000.0,0.0,server
2025-11-19 03:23:13.980999947,192.168.70.32:41656->192.168.70.31:5201,ESTAB,0.0,16485480.0,4.279,0.475,4048.0,2911.0,14827520.0,1448.0,0.0,10960000000.0,13150000000.0,9690000000.0,0,2188,4005.0,5938421760.0,285025522.0,4593921.0,1e-05,285025520.0,0.0,243495.0,6.0,0.045,cubic,1448.0,536.0,0.0,89477120.0,0.0,17179869184.0,13524992.0,17216675840.0,0.0,0.0,0.0,"timestamps, SACK",13692800000.0,54771200000.0,6.0,client,192.168.70.31:5201->192.168.70.32:41656,ESTAB,1172880.0,0.0,0.056,0.028,10.0,0.0,12482248704.0,1448.0,0.0,2069999999.9999998,4139999999.9999995,0,0,4607434.0,285973801.0,244377.0,9.0,1.129,0.056,cubic,40.0,1448.0,1448.0,1606680576.0,17179869184.0,0.0,89128960.0,1211891712.0,0.0,0.0,0.0,1537.0,"timestamps, SACK",179200000.0,716800000.0,0.0,server



[STATISTICS]
mean,,,0.0,13582848.0,2.194838235294118,0.3239705882352941,3294.485294117647,2442.014705882353,14827520.0,1448.0,0.0,21307352941.17647,16401176470.588236,13320588235.294117,0.0,1577.8088235294117,2757.073529411765,4088056289.882353,202373653.75,3273736.7647058824,9.264705882352944e-06,202373651.75,0.0,173169.0294117647,0.75,0.044999999999999984,,1448.0,536.0,0.0,89477120.0,117599563.29411764,17179869184.0,807205225.4117647,14183669037.17647,0.0,254433.88235294117,0.0,,7023482157.176471,28093928628.705883,0.4411764705882353,,,,1825734.9411764706,0.0,0.056,0.028,10.0,0.0,12482248704.0,1448.0,0.0,2070000000.0,4139999999.999999,0.0,0.0,3280817.867647059,202821265.80882353,173558.79411764705,23.75,1.9104705882352937,0.056,,40.0,1448.0,1448.0,2509664496.9411764,17179869184.0,1054.1176470588234,89128960.0,1396589507.764706,0.0,0.0,308061605.64705884,1112.8970588235295,,179200000.0,716800000.0,0.058823529411764705,
median,,,0.0,13826952.0,2.0599999999999996,0.092,3360.5,2654.0,14827520.0,1448.0,0.0,18145000000.0,17470000000.0,12935000000.0,0.0,2005.0,3010.0,4463083520.0,202058084.0,3273057.5,1e-05,202058082.0,0.0,173252.5,0.0,0.045,,1448.0,536.0,0.0,89477120.0,68034560.0,17179869184.0,695881728.0,14439948288.0,0.0,0.0,0.0,,6591998976.0,26367995904.0,0.0,,,,130232.0,0.0,0.056,0.028,10.0,0.0,12482248704.0,1448.0,0.0,2070000000.0,4139999999.999999,0.0,0.0,3280355.5,202469331.5,173639.0,9.0,1.7525,0.056,,40.0,1448.0,1448.0,178520064.0,17179869184.0,0.0,89128960.0,1477509120.0,0.0,0.0,0.0,1405.0,,179200000.0,716800000.0,0.0,
std,,,0.0,2341242.63173101,1.1043958922752524,0.9699095506465897,573.0237548837798,623.2297794469264,0.0,0.0,0.0,10957874101.70409,9095521372.797724,3694434653.6390085,0.0,607.0476697540475,1021.2980373426235,1514331707.4658496,48157267.17482582,784442.3282063282,2.6294409317754647e-06,48157267.17482582,0.0,41578.103582912016,2.181160857563505,1.398096980698332e-17,,0.0,0.0,0.0,0.0,109952619.24529624,0.0,778498696.1358469,2444849511.829313,0.0,808896.2798611696,0.0,,3534066943.349922,14136267773.399689,1.3646097571426237,,,,3110500.768988611,0.0,0.0,0.0,0.0,0.0,0.0,0.0,0.0,0.0,0.0,0.0,0.0,789728.5205704649,48499252.00854929,41861.51576348713,44.320870391259305,0.9461659390385303,0.0,,0.0,0.0,0.0,4265231158.903237,0.0,1562.2227518030509,0.0,457986880.83007586,0.0,0.0,1065561156.0845909,465.9514144073771,,0.0,0.0,0.29332641596653924,
min,,,0.0,4496040.0,0.567,0.009,1141.0,940.0,14827520.0,1448.0,0.0,5150000000.0,0.0,1690000000.0,0,590,294.0,435929088.0,121528205.0,1954273.0,0.0,121528203.0,0.0,102697.0,0.0,0.045,,1448.0,536.0,0.0,89477120.0,0.0,17179869184.0,679936.0,4695695360.0,0.0,0.0,0.0,,1814398976.0,7257595904.0,0.0,,,,0.0,0.0,0.056,0.028,10.0,0.0,12482248704.0,1448.0,0.0,2070000000.0,4139999999.999999,0,0,1953520.0,121483306.0,102665.0,0.0,0.512,0.056,,40.0,1448.0,1448.0,0.0,17179869184.0,0.0,89128960.0,117047296.0,0.0,0.0,0.0,306.0,,179200000.0,716800000.0,0.0,
max,,,0.0,16485480.0,7.557,7.248,4123.0,3091.0,14827520.0,1448.0,0.0,67690000000.0,33700000000.000004,20020000000.0,0,2188,4095.0,6071869440.0,285025522.0,4593921.0,1e-05,285025520.0,0.0,243495.0,16.0,0.045,,1448.0,536.0,0.0,89477120.0,272139264.0,17179869184.0,2135834624.0,17216675840.0,0.0,5505024.0,0.0,,24182400000.0,96729600000.0,8.0,,,,10686240.0,0.0,0.056,0.028,10.0,0.0,12482248704.0,1448.0,0.0,2070000000.0,4139999999.999999,0,0,4607434.0,285973801.0,244377.0,256.0,6.288,0.056,,40.0,1448.0,1448.0,14641004544.0,17179869184.0,6144.0,89128960.0,2113929216.0,0.0,0.0,5772148736.0,1537.0,,179200000.0,716800000.0,2.0,
p95,,,0.0,16485480.0,3.8017,0.5211499999999999,4091.6,3021.95,14827520.0,1448.0,0.0,41261500000.0,28269000000.0,18801000000.0,0.0,2178.2,3960.0,5871697920.0,276293003.75,4464660.25,1e-05,276293001.75,0.0,236488.5,3.6499999999999986,0.045,,1448.0,536.0,0.0,89477120.0,272138240.0,17179869184.0,2026294476.8,17212743680.0,0.0,1297612.7999999989,0.0,,12165440000.0,48661760000.0,2.6499999999999986,,,,9862047.2,0.0,0.056,0.028,10.0,0.0,12482248704.0,1448.0,0.0,2070000000.0,4139999999.999999,0.0,0.0,4479032.5,277253468.4,237307.5,108.09999999999992,3.4578499999999996,0.056,,40.0,1448.0,1448.0,13556111769.599998,17179869184.0,4096.0,89128960.0,1917570252.8,0.0,0.0,1450226483.2,1535.0,,179200000.0,716800000.0,0.0,
p99,,,0.0,16485480.0,5.3607399999999945,4.627629999999994,4118.31,3082.96,14827520.0,1448.0,0.0,56956599999.99997,32065199999.999996,19798900000.0,0.0,2188.0,4034.7,5982459494.4,283179353.75,4567825.17,1e-05,283179351.75,0.0,242093.36,9.299999999999983,0.045,,1448.0,536.0,0.0,89477120.0,272138577.92,17179869184.0,2130214256.6399999,17214919475.2,0.0,3397386.2399999946,0.0,,17154367999.99998,68617471999.99992,6.659999999999997,,,,10467954.0,0.0,0.056,0.028,10.0,0.0,12482248704.0,1448.0,0.0,2070000000.0,4139999999.999999,0.0,0.0,4583508.97,284328823.7,242978.04,207.08999999999986,5.409629999999998,0.056,,40.0,1448.0,1448.0,14341632163.84,17179869184.0,4771.8399999999965,89128960.0,2043674623.9999998,0.0,0.0,5581802700.799999,1535.66,,179200000.0,716800000.0,1.3299999999999983,
cv,,,,0.17236757944512152,0.5031787192860063,2.993819765954067,0.17393422757324867,0.25521131299729005,0.0,0.0,,0.5142766505044365,0.5545651794618797,0.27734771080531306,,0.38474095258013474,0.3704282916098079,0.3704282916098079,0.23796213727660592,0.23961680018485046,0.28381267200116117,0.2379621396283166,,0.2401012682472614,2.90821447675134,3.1068821793296276e-16,,0.0,0.0,,0.0,0.9349747241008343,0.0,0.9644371364651729,0.17237073887025828,,3.1792003186867186,,,0.5031787458502867,0.5031787458502867,3.0931154495232804,,,,1.7036978910992746,,0.0,0.0,0.0,,0.0,0.0,,0.0,0.0,,,0.24071086918849396,0.23912311076030854,0.24119501392197532,1.866141911210918,0.4952528161726405,0.0,,0.0,0.0,0.0,1.699522451746748,0.0,1.4820193515988764,0.0,0.327932351119479,,,3.4589222952547583,0.41868330113114477,,0.0,0.0,4.986549071431167,
non_zero_count,,,0,68,68,68,68,68,68,68,0,68,56,68,0,68,68,68,68,68,63,68,0,68,20,68,,68,68,0,68,45,68,68,68,0,11,0,,68,68,11,,,,57,0,68,68,68,0,68,68,0,68,68,0,0,68,68,68,61,68,68,,68,68,68,57,68,25,68,68,0,0,20,68,,68,68,3,
non_zero_mean,,,,13582848.0,2.194838235294118,0.3239705882352941,3294.485294117647,2442.014705882353,14827520.0,1448.0,,21307352941.17647,19915714285.714287,13320588235.294117,,1577.8088235294117,2757.073529411765,4088056289.882353,202373653.75,3273736.7647058824,1.0000000000000004e-05,202373651.75,,173169.0294117647,2.55,0.044999999999999984,,1448.0,536.0,,89477120.0,177706006.75555557,17179869184.0,807205225.4117647,14183669037.17647,,1572864.0,,,7023482157.176471,28093928628.705883,2.727272727272727,,,,2178069.754385965,,0.056,0.028,10.0,,12482248704.0,1448.0,,2070000000.0,4139999999.999999,,,3280817.867647059,202821265.80882353,173558.79411764705,26.475409836065573,1.9104705882352937,0.056,,40.0,1448.0,1448.0,2993985715.6491227,17179869184.0,2867.2,89128960.0,1396589507.764706,,,1047409459.2,1112.8970588235295,,179200000.0,716800000.0,1.3333333333333333,
