timestamp,connection,state,rtt,rttvar,minrtt,rto,cwnd,ssthresh,rwnd,rcv_ssthresh,snd_wnd,mss,pmtu,advmss,rcvmss,wscale,wscale_snd,wscale_rcv,send_rate,pacing_rate,delivery_rate,max_pacing_rate,send_q,recv_q,socket_tx_queue,socket_tx_buffer,socket_rx_queue,socket_rx_buffer,socket_forward_alloc,socket_write_queue,socket_opt_mem,socket_backlog,socket_dropped,packets_out,inflight_data,retrans,retrans_rate,retrans_total,lost,sacked,dsack_dups,spurious_retrans_rate,segs_out,segs_in,data_segs_out,data_segs_in,bytes_sent,bytes_acked,bytes_received,bytes_retrans,delivered,delivered_ce,reordering,rcv_ooopack,reord_seen,notsent,lastsnd,lastrcv,lastack,app_limited,rcv_rtt,ato,congestion_algorithm,ca_state,busy_time,rwnd_limited_time,rwnd_limited_ratio,sndbuf_limited_time,sndbuf_limited_ratio,cwnd_limited_time,cwnd_limited_ratio,tcp_features,tcp_ecn,tcp_ecnseen,tcp_fastopen,bdp,recommended_window,timer_state,timer_expires_ms,timer_retrans,backoff,uid,ino,sk_cookie,bpf_id,cgroup_path,tos,tclass,priority,bbr_bw,bbr_mrtt,bbr_pacing_gain,bbr_cwnd_gain,dctcp_ce_state,dctcp_alpha,dctcp_ab_ecn,dctcp_ab_tot,mptcp_flags,mptcp_token,mptcp_seq,mptcp_maplen
1763522453.187,192.168.70.32:41656->192.168.70.31:5201,ESTAB,1.365,0.059,0.045,0.0,3620.0,2504.0,14827520.0,0.0,0.0,1448.0,0.0,1448.0,536.0,,0.0,0.0,30720000000.0,33700000000.000004,12980000000.0,0.0,15245024.0,0.0,0.0,17179869184.0,0.0,89477120.0,94928896.0,15918923776.0,0.0,2359296.0,0.0,3330.0,4937564160.0,0,0.0,590,0.0,0.0,0.0,0.0,121528205.0,1954273.0,121528203.0,0.0,0.0,0.0,0.0,0.0,0.0,0.0,0.0,0.0,0.0,0.0,0.0,102697.0,1.0,,0.0,0.0,cubic,,0.0,0.0,0.0,0.0,0.0,0.0,0.0,"timestamps, SACK",0.0,0.0,0.0,4368000000.0,17472000000.0,,0.0,0.0,0.0,0.0,0.0,0.0,0.0,,0.0,0.0,0.0,0.0,0.0,0.0,0.0,0.0,0.0,0.0,0.0,,0.0,0.0,0.0
1763522455.303,192.168.70.32:41656->192.168.70.31:5201,ESTAB,3.035,0.049,0.045,0.0,3968.0,2504.0,14827520.0,0.0,0.0,1448.0,0.0,1448.0,536.0,,0.0,0.0,15150000000.0,18170000000.0,12670000000.0,0.0,13748760.0,0.0,68034560.0,17179869184.0,0.0,89477120.0,1788583936.0,14355292160.0,0.0,0.0,0.0,3960.0,5871697920.0,0,0.0,590,0.0,0.0,0.0,0.0,124291362.0,1999072.0,124291360.0,0.0,0.0,0.0,0.0,0.0,0.0,0.0,0.0,0.0,0.0,0.0,0.0,104818.0,0.0,,0.0,0.0,cubic,,0.0,0.0,0.0,0.0,0.0,0.0,0.0,"timestamps, SACK",0.0,0.0,0.0,9712000000.0,38848000000.0,,0.0,0.0,0.0,0.0,0.0,0.0,0.0,,0.0,0.0,0.0,0.0,0.0,0.0,0.0,0.0,0.0,0.0,0.0,,0.0,0.0,0.0
1763522457.393,192.168.70.32:41656->192.168.70.31:5201,ESTAB,2.99,0.027,0.045,0.0,3040.0,2886.0,14827520.0,0.0,0.0,1448.0,0.0,1448.0,536.0,,0.0,0.0,11780000000.0,14130000000.0,11530000000.0,0.0,15247440.0,0.0,136069120.0,17179869184.0,0.0,89477120.0,1292025856.0,15921397760.0,0.0,0.0,0.0,3015.0,4470497280.0,0,0.0,601,0.0,0.0,0.0,0.0,126454175.0,2033640.0,126454173.0,0.0,0.0,0.0,0.0,0.0,0.0,0.0,0.0,0.0,0.0,0.0,0.0,106908.0,0.0,,0.0,0.0,cubic,,0.0,0.0,0.0,0.0,0.0,0.0,0.0,"timestamps, SACK",0.0,0.0,0.0,9568000000.0,38272000000.0,,0.0,0.0,0.0,0.0,0.0,0.0,0.0,,0.0,0.0,0.0,0.0,0.0,0.0,0.0,0.0,0.0,0.0,0.0,,0.0,0.0,0.0
1763522459.483,192.168.70.32:41656->192.168.70.31:5201,ESTAB,1.143,0.083,0.045,0.0,4123.0,3091.0,14827520.0,0.0,0.0,1448.0,0.0,1448.0,536.0,,0.0,0.0,41790000000.0,0.0,12700000000.0,0.0,16224840.0,0.0,0.0,17179869184.0,0.0,89477120.0,279896064.0,16941916160.0,0.0,0.0,0.0,1530.0,2268610560.0,0,0.0,612,0.0,0.0,0.0,0.0,128086820.0,2055396.0,128086818.0,0.0,0.0,0.0,0.0,0.0,0.0,0.0,0.0,0.0,0.0,0.0,2.0,108997.0,2.0,,0.0,0.0,cubic,,0.0,0.0,0.0,0.0,0.0,0.0,0.0,"timestamps, SACK",0.0,0.0,0.0,3657598976.0,14630395904.0,,0.0,0.0,0.0,0.0,0.0,0.0,0.0,,0.0,0.0,0.0,0.0,0.0,0.0,0.0,0.0,0.0,0.0,0.0,,0.0,0.0,0.0
1763522461.583,192.168.70.32:41656->192.168.70.31:5201,ESTAB,0.567,0.061,0.045,0.0,3313.0,2886.0,14827520.0,0.0,0.0,1448.0,0.0,1448.0,536.0,,0.0,0.0,67690000000.0,0.0,18130000000.0,0.0,12998560.0,0.0,272138240.0,17179869184.0,0.0,89477120.0,2981888.0,13573980160.0,0.0,0.0,0.0,585.0,867409920.0,0,0.0,624,0.0,0.0,0.0,0.0,130686488.0,2096031.0,130686486.0,0.0,0.0,0.0,0.0,0.0,0.0,0.0,0.0,0.0,0.0,0.0,0.0,111097.0,0.0,,0.0,0.0,cubic,,0.0,0.0,0.0,0.0,0.0,0.0,0.0,"timestamps, SACK",0.0,0.0,0.0,1814398976.0,7257595904.0,,0.0,0.0,0.0,0.0,0.0,0.0,0.0,,0.0,0.0,0.0,0.0,0.0,0.0,0.0,0.0,0.0,0.0,0.0,,0.0,0.0,0.0
1763522463.689,192.168.70.32:41656->192.168.70.31:5201,ESTAB,1.863,0.112,0.045,0.0,2681.0,2393.0,14827520.0,0.0,0.0,1448.0,0.0,1448.0,536.0,,0.0,0.0,16670000000.000002,18990000000.0,11390000000.0,0.0,12447480.0,0.0,68034560.0,17179869184.0,0.0,89477120.0,58990592.0,12997877760.0,0.0,0.0,0.0,2655.0,3936706560.0,0,1e-05,781,0.0,0.0,0.0,0.0,132858334.0,2132301.0,132858332.0,0.0,0.0,0.0,0.0,0.0,0.0,0.0,0.0,0.0,0.0,0.0,0.0,113203.0,0.0,,0.0,0.0,cubic,,0.0,0.0,0.0,0.0,0.0,0.0,0.0,"timestamps, SACK",0.0,0.0,0.0,5961600000.0,23846400000.0,,0.0,0.0,0.0,0.0,0.0,0.0,0.0,,0.0,0.0,0.0,0.0,0.0,0.0,0.0,0.0,0.0,0.0,0.0,,0.0,0.0,0.0
1763522465.779,192.168.70.32:41656->192.168.70.31:5201,ESTAB,1.631,0.297,0.045,0.0,3100.0,2393.0,14827520.0,0.0,0.0,1448.0,0.0,1448.0,536.0,,0.0,0.0,22020000000.0,26410000000.0,10250000000.0,0.0,16485480.0,0.0,0.0,17179869184.0,0.0,89477120.0,13262848.0,17212743680.0,0.0,0.0,0.0,3060.0,4537221120.0,0,1e-05,781,0.0,0.0,0.0,0.0,135463733.0,2178310.0,135463731.0,0.0,0.0,0.0,0.0,0.0,0.0,0.0,0.0,0.0,0.0,0.0,4.0,115294.0,4.0,,0.0,0.0,cubic,,0.0,0.0,0.0,0.0,0.0,0.0,0.0,"timestamps, SACK",0.0,0.0,0.0,5219200000.0,20876800000.0,,0.0,0.0,0.0,0.0,0.0,0.0,0.0,,0.0,0.0,0.0,0.0,0.0,0.0,0.0,0.0,0.0,0.0,0.0,,0.0,0.0,0.0
1763522467.878,192.168.70.32:41656->192.168.70.31:5201,ESTAB,1.539,0.308,0.045,0.0,3463.0,2393.0,14827520.0,0.0,0.0,1448.0,0.0,1448.0,536.0,,0.0,0.0,26070000000.0,31260000000.0,14980000000.0,0.0,14976408.0,0.0,0.0,17179869184.0,0.0,89477120.0,3252224.0,15637307392.0,0.0,0.0,0.0,3420.0,5071011840.0,0,1e-05,781,0.0,0.0,0.0,0.0,138114360.0,2226524.0,138114358.0,0.0,0.0,0.0,0.0,0.0,0.0,0.0,0.0,0.0,0.0,0.0,0.0,117392.0,1.0,,0.0,0.0,cubic,,0.0,0.0,0.0,0.0,0.0,0.0,0.0,"timestamps, SACK",0.0,0.0,0.0,4924800000.0,19699200000.0,,0.0,0.0,0.0,0.0,0.0,0.0,0.0,,0.0,0.0,0.0,0.0,0.0,0.0,0.0,0.0,0.0,0.0,0.0,,0.0,0.0,0.0
1763522469.965,192.168.70.32:41656->192.168.70.31:5201,ESTAB,3.058,0.062,0.045,0.0,3783.0,2393.0,14827520.0,0.0,0.0,1448.0,0.0,1448.0,536.0,,0.0,0.0,14330000000.0,17200000000.0,14350000000.0,0.0,13227480.0,0.0,199655424.0,17179869184.0,0.0,89477120.0,1262002176.0,13812326400.0,0.0,0.0,0.0,3780.0,5604802560.0,0,1e-05,784,0.0,0.0,0.0,0.0,140829852.0,2268350.0,140829850.0,0.0,0.0,0.0,0.0,0.0,0.0,0.0,0.0,0.0,0.0,0.0,0.0,119480.0,0.0,,0.0,0.0,cubic,,0.0,0.0,0.0,0.0,0.0,0.0,0.0,"timestamps, SACK",0.0,0.0,0.0,9785600000.0,39142400000.0,,0.0,0.0,0.0,0.0,0.0,0.0,0.0,,0.0,0.0,0.0,0.0,0.0,0.0,0.0,0.0,0.0,0.0,0.0,,0.0,0.0,0.0
1763522472.056,192.168.70.32:41656->192.168.70.31:5201,ESTAB,2.658,0.053,0.045,0.0,3004.0,2782.0,14827520.0,0.0,0.0,1448.0,0.0,1448.0,536.0,,0.0,0.0,13090000000.0,15120000000.0,11330000000.0,0.0,13488120.0,0.0,0.0,17179869184.0,0.0,89477120.0,29368320.0,14084464640.0,0.0,0.0,0.0,2970.0,4403773440.0,0,1e-05,812,0.0,0.0,0.0,0.0,143559664.0,2312280.0,143559662.0,0.0,0.0,0.0,0.0,0.0,0.0,0.0,0.0,0.0,0.0,0.0,0.0,121571.0,0.0,,0.0,0.0,cubic,,0.0,0.0,0.0,0.0,0.0,0.0,0.0,"timestamps, SACK",0.0,0.0,0.0,8505598976.0,34022395904.0,,0.0,0.0,0.0,0.0,0.0,0.0,0.0,,0.0,0.0,0.0,0.0,0.0,0.0,0.0,0.0,0.0,0.0,0.0,,0.0,0.0,0.0
1763522474.161,192.168.70.32:41656->192.168.70.31:5201,ESTAB,2.05,0.061,0.045,0.0,3385.0,2782.0,14827520.0,0.0,0.0,1448.0,0.0,1448.0,536.0,,0.0,0.0,19130000000.0,22950000000.0,15300000000.0,0.0,11468160.0,0.0,0.0,17179869184.0,0.0,89477120.0,2018115584.0,11974082560.0,0.0,0.0,0.0,3375.0,5004288000.0,0,1e-05,812,0.0,0.0,0.0,0.0,146070706.0,2357527.0,146070704.0,0.0,0.0,0.0,0.0,0.0,0.0,0.0,0.0,0.0,0.0,0.0,1.0,123674.0,1.0,,0.0,0.0,cubic,,0.0,0.0,0.0,0.0,0.0,0.0,0.0,"timestamps, SACK",0.0,0.0,0.0,6559998976.0,26239995904.0,,0.0,0.0,0.0,0.0,0.0,0.0,0.0,,0.0,0.0,0.0,0.0,0.0,0.0,0.0,0.0,0.0,0.0,0.0,,0.0,0.0,0.0
1763522476.248,192.168.70.32:41656->192.168.70.31:5201,ESTAB,2.19,0.295,0.045,0.0,3682.0,2782.0,14827520.0,0.0,0.0,1448.0,0.0,1448.0,536.0,,0.0,0.0,19480000000.0,26420000000.0,17780000000.0,0.0,15399776.0,0.0,0.0,17179869184.0,0.0,89477120.0,20611072.0,16081321984.0,0.0,0.0,0.0,2903.0,4304429056.0,0,1e-05,812,0.0,0.0,0.0,0.0,148798185.0,2406848.0,148798183.0,0.0,0.0,0.0,0.0,0.0,0.0,0.0,0.0,0.0,0.0,0.0,0.0,125762.0,0.0,,0.0,0.0,cubic,,0.0,0.0,0.0,0.0,0.0,0.0,0.0,"timestamps, SACK",0.0,0.0,0.0,7008000000.0,28032000000.0,,0.0,0.0,0.0,0.0,0.0,0.0,0.0,,0.0,0.0,0.0,0.0,0.0,0.0,0.0,0.0,0.0,0.0,0.0,,0.0,0.0,0.0
1763522478.36,192.168.70.32:41656->192.168.70.31:5201,ESTAB,1.615,0.075,0.045,0.0,2780.0,2728.0,14827520.0,0.0,0.0,1448.0,0.0,1448.0,536.0,,0.0,0.0,19940000000.0,20550000000.0,17550000000.0,0.0,7297920.0,0.0,0.0,17179869184.0,0.0,89477120.0,1016201216.0,7619870720.0,0.0,1572864.0,0.0,2745.0,4070154240.0,0,1e-05,902,0.0,0.0,0.0,0.0,151107811.0,2444549.0,151107809.0,0.0,0.0,0.0,0.0,0.0,0.0,0.0,0.0,0.0,0.0,0.0,0.0,127874.0,0.0,,0.0,0.0,cubic,,0.0,0.0,0.0,0.0,0.0,0.0,0.0,"timestamps, SACK",0.0,0.0,0.0,5168000000.0,20672000000.0,,0.0,0.0,0.0,0.0,0.0,0.0,0.0,,0.0,0.0,0.0,0.0,0.0,0.0,0.0,0.0,0.0,0.0,0.0,,0.0,0.0,0.0
1763522480.525,192.168.70.32:41656->192.168.70.31:5201,ESTAB,2.453,3.337,0.045,0.0,3065.0,2728.0,14827520.0,0.0,0.0,1448.0,0.0,1448.0,536.0,,0.0,0.0,14470000000.0,13730000000.0,11920000000.0,0.0,8451232.0,0.0,272138240.0,17179869184.0,0.0,89477120.0,876969984.0,8824455168.0,0.0,786432.0,0.0,675.0,1000857600.0,0,1e-05,903,0.0,0.0,0.0,0.0,153213584.0,2478394.0,153213582.0,0.0,0.0,0.0,0.0,0.0,0.0,0.0,0.0,0.0,0.0,0.0,0.0,129997.0,0.0,,0.0,0.0,cubic,,0.0,0.0,0.0,0.0,0.0,0.0,0.0,"timestamps, SACK",0.0,0.0,0.0,7849600000.0,31398400000.0,,0.0,0.0,0.0,0.0,0.0,0.0,0.0,,0.0,0.0,0.0,0.0,0.0,0.0,0.0,0.0,0.0,0.0,0.0,,0.0,0.0,0.0
1763522482.629,192.168.70.32:41656->192.168.70.31:5201,ESTAB,2.236,0.137,0.045,0.0,2414.0,2239.0,14827520.0,0.0,0.0,1448.0,0.0,1448.0,536.0,,0.0,0.0,12510000000.0,15010000000.0,11720000000.0,0.0,11859120.0,0.0,204103680.0,17179869184.0,0.0,89477120.0,1616986112.0,12383600640.0,0.0,0.0,0.0,2385.0,3536363520.0,0,1e-05,930,0.0,0.0,0.0,0.0,155251730.0,2508858.0,155251728.0,0.0,0.0,0.0,0.0,0.0,0.0,0.0,0.0,0.0,0.0,0.0,0.0,132143.0,0.0,,0.0,0.0,cubic,,0.0,0.0,0.0,0.0,0.0,0.0,0.0,"timestamps, SACK",0.0,0.0,0.0,7155200000.0,28620800000.0,,0.0,0.0,0.0,0.0,0.0,0.0,0.0,,0.0,0.0,0.0,0.0,0.0,0.0,0.0,0.0,0.0,0.0,0.0,,0.0,0.0,0.0
1763522484.788,192.168.70.32:41656->192.168.70.31:5201,ESTAB,0.826,0.101,0.045,0.0,2700.0,2239.0,14827520.0,0.0,0.0,1448.0,0.0,1448.0,536.0,,0.0,0.0,37870000000.0,22260000000.0,11580000000.0,0.0,15051960.0,0.0,272138240.0,17179869184.0,0.0,89477120.0,75571200.0,15715983360.0,0.0,786432.0,0.0,1890.0,2802401280.0,0,1e-05,931,0.0,0.0,0.0,0.0,157069348.0,2534609.0,157069346.0,0.0,0.0,0.0,0.0,0.0,0.0,0.0,0.0,0.0,0.0,0.0,0.0,134303.0,1.0,,0.0,0.0,cubic,,0.0,0.0,0.0,0.0,0.0,0.0,0.0,"timestamps, SACK",0.0,0.0,0.0,2643198976.0,10572795904.0,,0.0,0.0,0.0,0.0,0.0,0.0,0.0,,0.0,0.0,0.0,0.0,0.0,0.0,0.0,0.0,0.0,0.0,0.0,,0.0,0.0,0.0
1763522486.903,192.168.70.32:41656->192.168.70.31:5201,ESTAB,0.804,0.085,0.045,0.0,3029.0,2239.0,14827520.0,0.0,0.0,1448.0,0.0,1448.0,536.0,,0.0,0.0,43640000000.0,12320000000.0,12220000000.0,0.0,4496040.0,0.0,204103680.0,17179869184.0,0.0,89477120.0,6119424.0,4695695360.0,0.0,0.0,0.0,3029.0,4491255808.0,0,1e-05,932,0.0,0.0,0.0,0.0,159181808.0,2567528.0,159181806.0,0.0,0.0,0.0,0.0,0.0,0.0,0.0,0.0,0.0,0.0,0.0,1.0,136418.0,3.0,,0.0,0.0,cubic,,0.0,0.0,0.0,0.0,0.0,0.0,0.0,"timestamps, SACK",0.0,0.0,0.0,2572800000.0,10291200000.0,,0.0,0.0,0.0,0.0,0.0,0.0,0.0,,0.0,0.0,0.0,0.0,0.0,0.0,0.0,0.0,0.0,0.0,0.0,,0.0,0.0,0.0
1763522489.014,192.168.70.32:41656->192.168.70.31:5201,ESTAB,7.557,7.248,0.045,0.0,3360.0,2239.0,14827520.0,0.0,0.0,1448.0,0.0,1448.0,536.0,,0.0,0.0,5150000000.0,0.0,1690000000.0,0.0,15833880.0,0.0,0.0,17179869184.0,0.0,89477120.0,72851456.0,16532398080.0,0.0,5505024.0,0.0,405.0,600514560.0,0,1e-05,933,0.0,0.0,0.0,0.0,161579786.0,2607118.0,161579784.0,0.0,0.0,0.0,0.0,0.0,0.0,0.0,0.0,0.0,0.0,0.0,0.0,138529.0,0.0,,0.0,0.0,cubic,,0.0,0.0,0.0,0.0,0.0,0.0,0.0,"timestamps, SACK",0.0,0.0,0.0,24182400000.0,96729600000.0,,0.0,0.0,0.0,0.0,0.0,0.0,0.0,,0.0,0.0,0.0,0.0,0.0,0.0,0.0,0.0,0.0,0.0,0.0,,0.0,0.0,0.0
1763522491.104,192.168.70.32:41656->192.168.70.31:5201,ESTAB,1.15,0.009,0.045,0.0,2019.0,1695.0,14827520.0,0.0,0.0,1448.0,0.0,1448.0,536.0,,0.0,0.0,20340000000.0,24410000000.0,19690000000.0,0.0,11077200.0,0.0,136069120.0,17179869184.0,0.0,89477120.0,1356775424.0,11565875200.0,0.0,786432.0,0.0,1800.0,2668953600.0,0,1e-05,993,0.0,0.0,0.0,0.0,163802578.0,2641753.0,163802576.0,0.0,0.0,0.0,0.0,0.0,0.0,0.0,0.0,0.0,0.0,0.0,0.0,140618.0,0.0,,0.0,0.0,cubic,,0.0,0.0,0.0,0.0,0.0,0.0,0.0,"timestamps, SACK",0.0,0.0,0.0,3680000000.0,14720000000.0,,0.0,0.0,0.0,0.0,0.0,0.0,0.0,,0.0,0.0,0.0,0.0,0.0,0.0,0.0,0.0,0.0,0.0,0.0,,0.0,0.0,0.0
1763522493.201,192.168.70.32:41656->192.168.70.31:5201,ESTAB,2.07,1.972,0.045,0.0,2489.0,1695.0,14827520.0,0.0,0.0,1448.0,0.0,1448.0,536.0,,0.0,0.0,13930000000.0,16710000000.0,2820000000.0,0.0,14139720.0,0.0,0.0,17179869184.0,0.0,89477120.0,712704.0,14767431680.0,0.0,0.0,0.0,423.0,627204096.0,0,1e-05,994,0.0,0.0,0.0,0.0,166098165.0,2678115.0,166098163.0,0.0,0.0,0.0,0.0,0.0,0.0,0.0,0.0,0.0,0.0,0.0,8.0,142716.0,16.0,,0.0,0.0,cubic,,0.0,0.0,0.0,0.0,0.0,0.0,0.0,"timestamps, SACK",0.0,0.0,0.0,6623998976.0,26495995904.0,,0.0,0.0,0.0,0.0,0.0,0.0,0.0,,0.0,0.0,0.0,0.0,0.0,0.0,0.0,0.0,0.0,0.0,0.0,,0.0,0.0,0.0
1763522495.303,192.168.70.32:41656->192.168.70.31:5201,ESTAB,2.616,0.049,0.045,0.0,2845.0,1695.0,14827520.0,0.0,0.0,1448.0,0.0,1448.0,536.0,,0.0,0.0,12600000000.0,15120000000.0,11990000000.0,0.0,12641040.0,0.0,68034560.0,17179869184.0,0.0,89477120.0,1870118912.0,13200015360.0,0.0,0.0,0.0,2835.0,4203601920.0,0,1e-05,998,0.0,0.0,0.0,0.0,168467694.0,2716396.0,168467692.0,0.0,0.0,0.0,0.0,0.0,0.0,0.0,0.0,0.0,0.0,0.0,0.0,144817.0,0.0,,0.0,0.0,cubic,,0.0,0.0,0.0,0.0,0.0,0.0,0.0,"timestamps, SACK",0.0,0.0,0.0,8371200000.0,33484800000.0,,0.0,0.0,0.0,0.0,0.0,0.0,0.0,,0.0,0.0,0.0,0.0,0.0,0.0,0.0,0.0,0.0,0.0,0.0,,0.0,0.0,0.0
1763522497.397,192.168.70.32:41656->192.168.70.31:5201,ESTAB,3.053,0.023,0.045,0.0,3180.0,1695.0,14827520.0,0.0,0.0,1448.0,0.0,1448.0,536.0,,0.0,0.0,12070000000.0,14480000000.0,11850000000.0,0.0,13813920.0,0.0,68034560.0,17179869184.0,0.0,89477120.0,1717927936.0,14425948160.0,0.0,0.0,0.0,3150.0,4670668800.0,0,1e-05,998,0.0,0.0,0.0,0.0,170693435.0,2751689.0,170693433.0,0.0,0.0,0.0,0.0,0.0,0.0,0.0,0.0,0.0,0.0,0.0,0.0,146912.0,0.0,,0.0,0.0,cubic,,0.0,0.0,0.0,0.0,0.0,0.0,0.0,"timestamps, SACK",0.0,0.0,0.0,9769600000.0,39078400000.0,,0.0,0.0,0.0,0.0,0.0,0.0,0.0,,0.0,0.0,0.0,0.0,0.0,0.0,0.0,0.0,0.0,0.0,0.0,,0.0,0.0,0.0
1763522499.49,192.168.70.32:41656->192.168.70.31:5201,ESTAB,3.341,0.039,0.045,0.0,3535.0,1695.0,14827520.0,0.0,0.0,1448.0,0.0,1448.0,536.0,,0.0,0.0,12260000000.0,14710000000.0,12390000000.0,0.0,13422960.0,0.0,68034560.0,17179869184.0,0.0,89477120.0,2127446016.0,14016430080.0,0.0,0.0,0.0,3510.0,5204459520.0,0,1e-05,998,0.0,0.0,0.0,0.0,173318201.0,2795146.0,173318199.0,0.0,0.0,0.0,0.0,0.0,0.0,0.0,0.0,0.0,0.0,0.0,0.0,149004.0,0.0,,0.0,0.0,cubic,,0.0,0.0,0.0,0.0,0.0,0.0,0.0,"timestamps, SACK",0.0,0.0,0.0,10691200000.0,42764800000.0,,0.0,0.0,0.0,0.0,0.0,0.0,0.0,,0.0,0.0,0.0,0.0,0.0,0.0,0.0,0.0,0.0,0.0,0.0,,0.0,0.0,0.0
1763522501.6,192.168.70.32:41656->192.168.70.31:5201,ESTAB,2.827,0.204,0.045,0.0,3826.0,1695.0,14827520.0,0.0,0.0,1448.0,0.0,1448.0,536.0,,0.0,0.0,15680000000.0,19120000000.0,14950000000.0,0.0,15312600.0,0.0,68034560.0,17179869184.0,0.0,89477120.0,70557696.0,15989432320.0,0.0,0.0,0.0,3825.0,5671526400.0,0,1e-05,998,0.0,0.0,0.0,0.0,175763148.0,2836072.0,175763146.0,0.0,0.0,0.0,0.0,0.0,0.0,0.0,0.0,0.0,0.0,0.0,0.0,151114.0,0.0,,0.0,0.0,cubic,,0.0,0.0,0.0,0.0,0.0,0.0,0.0,"timestamps, SACK",0.0,0.0,0.0,9046400000.0,36185600000.0,,0.0,0.0,0.0,0.0,0.0,0.0,0.0,,0.0,0.0,0.0,0.0,0.0,0.0,0.0,0.0,0.0,0.0,0.0,,0.0,0.0,0.0
1763522503.688,192.168.70.32:41656->192.168.70.31:5201,ESTAB,1.912,0.013,0.045,0.0,2953.0,2884.0,14827520.0,0.0,0.0,1448.0,0.0,1448.0,536.0,,0.0,0.0,17890000000.0,21460000000.0,17680000000.0,0.0,11743160.0,0.0,136069120.0,17179869184.0,0.0,89477120.0,660414464.0,12262236160.0,0.0,0.0,0.0,2925.0,4337049600.0,0,1e-05,1027,0.0,0.0,0.0,0.0,178767744.0,2884860.0,178767742.0,0.0,0.0,0.0,0.0,0.0,0.0,0.0,0.0,0.0,0.0,0.0,0.0,153203.0,0.0,,0.0,0.0,cubic,,0.0,0.0,0.0,0.0,0.0,0.0,0.0,"timestamps, SACK",0.0,0.0,0.0,6118400000.0,24473600000.0,,0.0,0.0,0.0,0.0,0.0,0.0,0.0,,0.0,0.0,0.0,0.0,0.0,0.0,0.0,0.0,0.0,0.0,0.0,,0.0,0.0,0.0
1763522505.795,192.168.70.32:41656->192.168.70.31:5201,ESTAB,2.135,0.075,0.045,0.0,3393.0,2884.0,14827520.0,0.0,0.0,1448.0,0.0,1448.0,536.0,,0.0,0.0,18410000000.0,22090000000.0,12300000000.0,0.0,14856480.0,0.0,0.0,17179869184.0,0.0,89477120.0,1705738240.0,15511879680.0,0.0,0.0,0.0,3375.0,5004288000.0,0,1e-05,1027,0.0,0.0,0.0,0.0,181483862.0,2929824.0,181483860.0,0.0,0.0,0.0,0.0,0.0,0.0,0.0,0.0,0.0,0.0,0.0,1.0,155310.0,1.0,,0.0,0.0,cubic,,0.0,0.0,0.0,0.0,0.0,0.0,0.0,"timestamps, SACK",0.0,0.0,0.0,6831998976.0,27327995904.0,,0.0,0.0,0.0,0.0,0.0,0.0,0.0,,0.0,0.0,0.0,0.0,0.0,0.0,0.0,0.0,0.0,0.0,0.0,,0.0,0.0,0.0
1763522507.882,192.168.70.32:41656->192.168.70.31:5201,ESTAB,1.143,0.329,0.045,0.0,3700.0,2884.0,14827520.0,0.0,0.0,1448.0,0.0,1448.0,536.0,,0.0,0.0,37500000000.0,0.0,11350000000.0,0.0,10751400.0,0.0,204104704.0,17179869184.0,0.0,89477120.0,1704026112.0,11227013120.0,0.0,0.0,0.0,1260.0,1868267520.0,0,1e-05,1027,0.0,0.0,0.0,0.0,184034349.0,2975601.0,184034347.0,0.0,0.0,0.0,0.0,0.0,0.0,0.0,0.0,0.0,0.0,0.0,0.0,157396.0,0.0,,0.0,0.0,cubic,,0.0,0.0,0.0,0.0,0.0,0.0,0.0,"timestamps, SACK",0.0,0.0,0.0,3657598976.0,14630395904.0,,0.0,0.0,0.0,0.0,0.0,0.0,0.0,,0.0,0.0,0.0,0.0,0.0,0.0,0.0,0.0,0.0,0.0,0.0,,0.0,0.0,0.0
1763522509.974,192.168.70.32:41656->192.168.70.31:5201,ESTAB,1.767,0.017,0.045,0.0,2866.0,2660.0,14827520.0,0.0,0.0,1448.0,0.0,1448.0,536.0,,0.0,0.0,18790000000.0,22680000000.0,18920000000.0,0.0,12716952.0,0.0,68034560.0,17179869184.0,0.0,89477120.0,29466624.0,13279059968.0,0.0,0.0,0.0,2835.0,4203601920.0,0,1e-05,1704,0.0,0.0,0.0,0.0,186297685.0,3012560.0,186297683.0,0.0,0.0,0.0,0.0,0.0,0.0,0.0,0.0,0.0,0.0,0.0,0.0,159487.0,0.0,,0.0,0.0,cubic,,0.0,0.0,0.0,0.0,0.0,0.0,0.0,"timestamps, SACK",0.0,0.0,0.0,5654400000.0,22617600000.0,,0.0,0.0,0.0,0.0,0.0,0.0,0.0,,0.0,0.0,0.0,0.0,0.0,0.0,0.0,0.0,0.0,0.0,0.0,,0.0,0.0,0.0
1763522512.058,192.168.70.32:41656->192.168.70.31:5201,ESTAB,2.086,0.017,0.045,0.0,3263.0,2660.0,14827520.0,0.0,0.0,1448.0,0.0,1448.0,536.0,,0.0,0.0,18120000000.0,21380000000.0,17079999999.999998,0.0,15820368.0,0.0,272138240.0,17179869184.0,0.0,89477120.0,19578880.0,16518561792.0,0.0,0.0,0.0,2835.0,4203601920.0,0,1e-05,1704,0.0,0.0,0.0,0.0,188925976.0,3055394.0,188925974.0,0.0,0.0,0.0,0.0,0.0,0.0,0.0,0.0,0.0,0.0,0.0,0.0,161573.0,0.0,,0.0,0.0,cubic,,0.0,0.0,0.0,0.0,0.0,0.0,0.0,"timestamps, SACK",0.0,0.0,0.0,6675198976.0,26700795904.0,,0.0,0.0,0.0,0.0,0.0,0.0,0.0,,0.0,0.0,0.0,0.0,0.0,0.0,0.0,0.0,0.0,0.0,0.0,,0.0,0.0,0.0
1763522514.257,192.168.70.32:41656->192.168.70.31:5201,ESTAB,2.204,0.031,0.045,0.0,3639.0,2660.0,14827520.0,0.0,0.0,1448.0,0.0,1448.0,536.0,,0.0,0.0,19130000000.0,22950000000.0,18580000000.0,0.0,14139720.0,0.0,136069120.0,17179869184.0,0.0,89477120.0,1411309568.0,14766120960.0,0.0,0.0,0.0,3600.0,5337907200.0,0,1e-05,1705,0.0,0.0,0.0,0.0,191691434.0,3101150.0,191691432.0,0.0,0.0,0.0,0.0,0.0,0.0,0.0,0.0,0.0,0.0,0.0,0.0,163772.0,0.0,,0.0,0.0,cubic,,0.0,0.0,0.0,0.0,0.0,0.0,0.0,"timestamps, SACK",0.0,0.0,0.0,7052800000.0,28211200000.0,,0.0,0.0,0.0,0.0,0.0,0.0,0.0,,0.0,0.0,0.0,0.0,0.0,0.0,0.0,0.0,0.0,0.0,0.0,,0.0,0.0,0.0
1763522516.347,192.168.70.32:41656->192.168.70.31:5201,ESTAB,2.029,0.016,0.045,0.0,2909.0,2618.0,14827520.0,0.0,0.0,1448.0,0.0,1448.0,536.0,,0.0,0.0,16610000000.0,19900000000.0,14930000000.0,0.0,14598736.0,0.0,136069120.0,17179869184.0,0.0,89477120.0,163479552.0,15225421824.0,0.0,0.0,0.0,2882.0,4273291264.0,0,1e-05,1727,0.0,0.0,0.0,0.0,194085010.0,3142865.0,194085008.0,0.0,0.0,0.0,0.0,0.0,0.0,0.0,0.0,0.0,0.0,0.0,0.0,165861.0,0.0,,0.0,0.0,cubic,,0.0,0.0,0.0,0.0,0.0,0.0,0.0,"timestamps, SACK",0.0,0.0,0.0,6492800000.0,25971200000.0,,0.0,0.0,0.0,0.0,0.0,0.0,0.0,,0.0,0.0,0.0,0.0,0.0,0.0,0.0,0.0,0.0,0.0,0.0,,0.0,0.0,0.0
1763522518.441,192.168.70.32:41656->192.168.70.31:5201,ESTAB,2.043,0.467,0.045,0.0,3231.0,2618.0,14827520.0,0.0,0.0,1448.0,0.0,1448.0,536.0,,0.0,0.0,18320000000.0,21980000000.0,2500000000.0,0.0,11468160.0,0.0,272138240.0,17179869184.0,0.0,89477120.0,2030698496.0,11974082560.0,0.0,0.0,0.0,1125.0,1668096000.0,0,1e-05,1729,0.0,0.0,0.0,0.0,196261072.0,3175542.0,196261070.0,0.0,0.0,0.0,0.0,0.0,0.0,0.0,0.0,0.0,0.0,0.0,0.0,167955.0,0.0,,0.0,0.0,cubic,,0.0,0.0,0.0,0.0,0.0,0.0,0.0,"timestamps, SACK",0.0,0.0,0.0,6537600000.0,26150400000.0,,0.0,0.0,0.0,0.0,0.0,0.0,0.0,,0.0,0.0,0.0,0.0,0.0,0.0,0.0,0.0,0.0,0.0,0.0,,0.0,0.0,0.0
1763522520.533,192.168.70.32:41656->192.168.70.31:5201,ESTAB,3.255,0.169,0.045,0.0,3475.0,2618.0,14827520.0,0.0,0.0,1448.0,0.0,1448.0,536.0,,0.0,0.0,12370000000.0,14840000000.0,11880000000.0,0.0,13839984.0,0.0,69345280.0,17179869184.0,0.0,89477120.0,1698316288.0,14453948416.0,0.0,0.0,0.0,3438.0,5097701376.0,0,1e-05,1734,0.0,0.0,0.0,0.0,198503231.0,3210498.0,198503229.0,0.0,0.0,0.0,0.0,0.0,0.0,0.0,0.0,0.0,0.0,0.0,0.0,170048.0,0.0,,0.0,0.0,cubic,,0.0,0.0,0.0,0.0,0.0,0.0,0.0,"timestamps, SACK",0.0,0.0,0.0,10416000000.0,41664000000.0,,0.0,0.0,0.0,0.0,0.0,0.0,0.0,,0.0,0.0,0.0,0.0,0.0,0.0,0.0,0.0,0.0,0.0,0.0,,0.0,0.0,0.0
1763522522.694,192.168.70.32:41656->192.168.70.31:5201,ESTAB,0.677,0.1,0.045,0.0,1141.0,940.0,14827520.0,0.0,0.0,1448.0,0.0,1448.0,536.0,,0.0,0.0,19520000000.0,23420000000.0,11770000000.0,0.0,11403000.0,0.0,0.0,17179869184.0,0.0,89477120.0,2115510272.0,11906048000.0,0.0,0.0,0.0,1125.0,1668096000.0,0,1e-05,2005,0.0,0.0,0.0,0.0,200922059.0,3251781.0,200922057.0,0.0,0.0,0.0,0.0,0.0,0.0,0.0,0.0,0.0,0.0,0.0,1.0,172209.0,1.0,,0.0,0.0,cubic,,0.0,0.0,0.0,0.0,0.0,0.0,0.0,"timestamps, SACK",0.0,0.0,0.0,2166400000.0,8665600000.0,,0.0,0.0,0.0,0.0,0.0,0.0,0.0,,0.0,0.0,0.0,0.0,0.0,0.0,0.0,0.0,0.0,0.0,0.0,,0.0,0.0,0.0
1763522524.781,192.168.70.32:41656->192.168.70.31:5201,ESTAB,1.193,0.184,0.045,0.0,1866.0,940.0,14827520.0,0.0,0.0,1448.0,0.0,1448.0,536.0,,0.0,0.0,18120000000.0,18530000000.0,13810000000.0,0.0,10230120.0,0.0,272138240.0,17179869184.0,0.0,89477120.0,1136812032.0,10682736640.0,0.0,0.0,0.0,294.0,435929088.0,0,1e-05,2005,0.0,0.0,0.0,0.0,203194109.0,3294334.0,203194107.0,0.0,0.0,0.0,0.0,0.0,0.0,0.0,0.0,0.0,0.0,0.0,0.0,174296.0,0.0,,0.0,0.0,cubic,,0.0,0.0,0.0,0.0,0.0,0.0,0.0,"timestamps, SACK",0.0,0.0,0.0,3817600000.0,15270400000.0,,0.0,0.0,0.0,0.0,0.0,0.0,0.0,,0.0,0.0,0.0,0.0,0.0,0.0,0.0,0.0,0.0,0.0,0.0,,0.0,0.0,0.0
1763522526.875,192.168.70.32:41656->192.168.70.31:5201,ESTAB,0.859,0.156,0.045,0.0,2410.0,940.0,14827520.0,0.0,0.0,1448.0,0.0,1448.0,536.0,,0.0,0.0,32500000000.0,0.0,12050000000.0,0.0,14478784.0,0.0,204103680.0,17179869184.0,0.0,89477120.0,706543616.0,15118565376.0,0.0,786432.0,0.0,1440.0,2135162880.0,0,1e-05,2006,0.0,0.0,0.0,0.0,205603961.0,3334900.0,205603959.0,0.0,0.0,0.0,0.0,0.0,0.0,0.0,0.0,0.0,0.0,0.0,0.0,176390.0,0.0,,0.0,0.0,cubic,,0.0,0.0,0.0,0.0,0.0,0.0,0.0,"timestamps, SACK",0.0,0.0,0.0,2748800000.0,10995200000.0,,0.0,0.0,0.0,0.0,0.0,0.0,0.0,,0.0,0.0,0.0,0.0,0.0,0.0,0.0,0.0,0.0,0.0,0.0,,0.0,0.0,0.0
1763522528.986,192.168.70.32:41656->192.168.70.31:5201,ESTAB,2.272,0.081,0.045,0.0,2874.0,940.0,14827520.0,0.0,0.0,1448.0,0.0,1448.0,536.0,,0.0,0.0,14650000000.0,17050000000.0,13950000000.0,0.0,12164680.0,0.0,204103680.0,17179869184.0,0.0,89477120.0,75685888.0,12704358400.0,0.0,0.0,0.0,538.0,797720576.0,0,1e-05,2006,0.0,0.0,0.0,0.0,208182671.0,3379601.0,208182669.0,0.0,0.0,0.0,0.0,0.0,0.0,0.0,0.0,0.0,0.0,0.0,2.0,178497.0,0.0,,0.0,0.0,cubic,,0.0,0.0,0.0,0.0,0.0,0.0,0.0,"timestamps, SACK",0.0,0.0,0.0,7270398976.0,29081595904.0,,0.0,0.0,0.0,0.0,0.0,0.0,0.0,,0.0,0.0,0.0,0.0,0.0,0.0,0.0,0.0,0.0,0.0,0.0,,0.0,0.0,0.0
1763522531.072,192.168.70.32:41656->192.168.70.31:5201,ESTAB,1.578,0.122,0.045,0.0,3143.0,940.0,14827520.0,0.0,0.0,1448.0,0.0,1448.0,536.0,,0.0,0.0,23070000000.0,27670000000.0,16190000000.000002,0.0,12054600.0,0.0,272138240.0,17179869184.0,0.0,89477120.0,1408688128.0,12587704320.0,0.0,0.0,0.0,1125.0,1668096000.0,0,1e-05,2012,0.0,0.0,0.0,0.0,210191570.0,3410475.0,210191568.0,0.0,0.0,0.0,0.0,0.0,0.0,0.0,0.0,0.0,0.0,0.0,0.0,180587.0,0.0,,0.0,0.0,cubic,,0.0,0.0,0.0,0.0,0.0,0.0,0.0,"timestamps, SACK",0.0,0.0,0.0,5049600000.0,20198400000.0,,0.0,0.0,0.0,0.0,0.0,0.0,0.0,,0.0,0.0,0.0,0.0,0.0,0.0,0.0,0.0,0.0,0.0,0.0,,0.0,0.0,0.0
1763522533.184,192.168.70.32:41656->192.168.70.31:5201,ESTAB,1.221,0.135,0.045,0.0,3488.0,940.0,14827520.0,0.0,0.0,1448.0,0.0,1448.0,536.0,,0.0,0.0,33090000000.000004,0.0,14930000000.0,0.0,13683600.0,0.0,68034560.0,17179869184.0,0.0,89477120.0,78233600.0,14287257600.0,0.0,786432.0,0.0,3465.0,5137735680.0,0,1e-05,2012,0.0,0.0,0.0,0.0,212777241.0,3457106.0,212777239.0,0.0,0.0,0.0,0.0,0.0,0.0,0.0,0.0,0.0,0.0,0.0,0.0,182696.0,1.0,,0.0,0.0,cubic,,0.0,0.0,0.0,0.0,0.0,0.0,0.0,"timestamps, SACK",0.0,0.0,0.0,3907200000.0,15628800000.0,,0.0,0.0,0.0,0.0,0.0,0.0,0.0,,0.0,0.0,0.0,0.0,0.0,0.0,0.0,0.0,0.0,0.0,0.0,,0.0,0.0,0.0
1763522535.304,192.168.70.32:41656->192.168.70.31:5201,ESTAB,1.884,0.033,0.045,0.0,3796.0,940.0,14827520.0,0.0,0.0,1448.0,0.0,1448.0,536.0,,0.0,0.0,23340000000.0,28160000000.0,20020000000.0,0.0,13959224.0,0.0,272138240.0,17179869184.0,0.0,89477120.0,66265088.0,14576050176.0,0.0,0.0,0.0,2835.0,4203601920.0,0,1e-05,2012,0.0,0.0,0.0,0.0,215238177.0,3499119.0,215238175.0,0.0,0.0,0.0,0.0,0.0,0.0,0.0,0.0,0.0,0.0,0.0,0.0,184819.0,0.0,,0.0,0.0,cubic,,0.0,0.0,0.0,0.0,0.0,0.0,0.0,"timestamps, SACK",0.0,0.0,0.0,6028798976.0,24115195904.0,,0.0,0.0,0.0,0.0,0.0,0.0,0.0,,0.0,0.0,0.0,0.0,0.0,0.0,0.0,0.0,0.0,0.0,0.0,,0.0,0.0,0.0
1763522537.405,192.168.70.32:41656->192.168.70.31:5201,ESTAB,2.171,0.083,0.045,0.0,3014.0,2722.0,14827520.0,0.0,0.0,1448.0,0.0,1448.0,536.0,,0.0,0.0,16079999999.999998,19290000000.0,15740000000.0,0.0,13538800.0,0.0,136069120.0,17179869184.0,0.0,89477120.0,2002010112.0,14137671680.0,0.0,0.0,0.0,3005.0,4455669760.0,0,1e-05,2060,0.0,0.0,0.0,0.0,217605005.0,3536855.0,217605003.0,0.0,0.0,0.0,0.0,0.0,0.0,0.0,0.0,0.0,0.0,0.0,0.0,186920.0,0.0,,0.0,0.0,cubic,,0.0,0.0,0.0,0.0,0.0,0.0,0.0,"timestamps, SACK",0.0,0.0,0.0,6947198976.0,27788795904.0,,0.0,0.0,0.0,0.0,0.0,0.0,0.0,,0.0,0.0,0.0,0.0,0.0,0.0,0.0,0.0,0.0,0.0,0.0,,0.0,0.0,0.0
1763522539.497,192.168.70.32:41656->192.168.70.31:5201,ESTAB,2.61,0.022,0.045,0.0,3361.0,2722.0,14827520.0,0.0,0.0,1448.0,0.0,1448.0,536.0,,0.0,0.0,14920000000.0,17680000000.0,13160000000.0,0.0,15691704.0,0.0,0.0,17179869184.0,0.0,89477120.0,10035200.0,16385499136.0,0.0,0.0,0.0,3330.0,4937564160.0,0,1e-05,2061,0.0,0.0,0.0,0.0,220243681.0,3579196.0,220243679.0,0.0,0.0,0.0,0.0,0.0,0.0,0.0,0.0,0.0,0.0,0.0,0.0,189012.0,0.0,,0.0,0.0,cubic,,0.0,0.0,0.0,0.0,0.0,0.0,0.0,"timestamps, SACK",0.0,0.0,0.0,8352000000.0,33408000000.0,,0.0,0.0,0.0,0.0,0.0,0.0,0.0,,0.0,0.0,0.0,0.0,0.0,0.0,0.0,0.0,0.0,0.0,0.0,,0.0,0.0,0.0
1763522541.588,192.168.70.32:41656->192.168.70.31:5201,ESTAB,3.11,0.01,0.045,0.0,3717.0,2722.0,14827520.0,0.0,0.0,1448.0,0.0,1448.0,536.0,,0.0,0.0,13840000000.0,16700000000.0,13840000000.0,0.0,13530424.0,0.0,0.0,17179869184.0,0.0,89477120.0,36380672.0,14127783936.0,0.0,0.0,0.0,3690.0,5471354880.0,0,1e-05,2062,0.0,0.0,0.0,0.0,222938263.0,3622529.0,222938261.0,0.0,0.0,0.0,0.0,0.0,0.0,0.0,0.0,0.0,0.0,0.0,0.0,191103.0,0.0,,0.0,0.0,cubic,,0.0,0.0,0.0,0.0,0.0,0.0,0.0,"timestamps, SACK",0.0,0.0,0.0,9952000000.0,39808000000.0,,0.0,0.0,0.0,0.0,0.0,0.0,0.0,,0.0,0.0,0.0,0.0,0.0,0.0,0.0,0.0,0.0,0.0,0.0,,0.0,0.0,0.0
1763522543.681,192.168.70.32:41656->192.168.70.31:5201,ESTAB,2.812,0.04,0.045,0.0,2992.0,2648.0,14827520.0,0.0,0.0,1448.0,0.0,1448.0,536.0,,0.0,0.0,12330000000.0,14790000000.0,12140000000.0,0.0,15833880.0,0.0,68034560.0,17179869184.0,0.0,89477120.0,685219840.0,16532398080.0,0.0,0.0,0.0,2970.0,4403773440.0,0,1e-05,2066,0.0,0.0,0.0,0.0,225761728.0,3661458.0,225761726.0,0.0,0.0,0.0,0.0,0.0,0.0,0.0,0.0,0.0,0.0,0.0,0.0,193195.0,0.0,,0.0,0.0,cubic,,0.0,0.0,0.0,0.0,0.0,0.0,0.0,"timestamps, SACK",0.0,0.0,0.0,8998400000.0,35993600000.0,,0.0,0.0,0.0,0.0,0.0,0.0,0.0,,0.0,0.0,0.0,0.0,0.0,0.0,0.0,0.0,0.0,0.0,0.0,,0.0,0.0,0.0
1763522545.769,192.168.70.32:41656->192.168.70.31:5201,ESTAB,1.072,0.546,0.045,0.0,3379.0,2648.0,14827520.0,0.0,0.0,1448.0,0.0,1448.0,536.0,,0.0,0.0,36510000000.0,0.0,15980000000.0,0.0,15681840.0,0.0,107896832.0,17179869184.0,0.0,89477120.0,418594816.0,16375398400.0,0.0,2359296.0,0.0,3379.0,5010219008.0,0,1e-05,2066,0.0,0.0,0.0,0.0,228471283.0,3703446.0,228471281.0,0.0,0.0,0.0,0.0,0.0,0.0,0.0,0.0,0.0,0.0,0.0,0.0,195283.0,0.0,,0.0,0.0,cubic,,0.0,0.0,0.0,0.0,0.0,0.0,0.0,"timestamps, SACK",0.0,0.0,0.0,3430400000.0,13721600000.0,,0.0,0.0,0.0,0.0,0.0,0.0,0.0,,0.0,0.0,0.0,0.0,0.0,0.0,0.0,0.0,0.0,0.0,0.0,,0.0,0.0,0.0
1763522547.861,192.168.70.32:41656->192.168.70.31:5201,ESTAB,1.338,0.294,0.045,0.0,2623.0,2553.0,14827520.0,0.0,0.0,1448.0,0.0,1448.0,536.0,,0.0,0.0,22710000000.0,27250000000.0,7430000000.0,0.0,11728800.0,0.0,272138240.0,17179869184.0,0.0,89477120.0,1750171648.0,12246220800.0,0.0,0.0,0.0,2070.0,3069296640.0,0,1e-05,2113,0.0,0.0,0.0,0.0,230936688.0,3744521.0,230936686.0,0.0,0.0,0.0,0.0,0.0,0.0,0.0,0.0,0.0,0.0,0.0,0.0,197376.0,0.0,,0.0,0.0,cubic,,0.0,0.0,0.0,0.0,0.0,0.0,0.0,"timestamps, SACK",0.0,0.0,0.0,4281600000.0,17126400000.0,,0.0,0.0,0.0,0.0,0.0,0.0,0.0,,0.0,0.0,0.0,0.0,0.0,0.0,0.0,0.0,0.0,0.0,0.0,,0.0,0.0,0.0
1763522549.989,192.168.70.32:41656->192.168.70.31:5201,ESTAB,1.189,0.202,0.045,0.0,2995.0,2553.0,14827520.0,0.0,0.0,1448.0,0.0,1448.0,536.0,,0.0,0.0,29180000000.0,0.0,12970000000.0,0.0,13695032.0,0.0,204103680.0,17179869184.0,0.0,89477120.0,40050688.0,14300274688.0,0.0,0.0,0.0,2655.0,3936706560.0,0,1e-05,2114,0.0,0.0,0.0,0.0,232809501.0,3770814.0,232809499.0,0.0,0.0,0.0,0.0,0.0,0.0,0.0,0.0,0.0,0.0,0.0,0.0,199503.0,0.0,,0.0,0.0,cubic,,0.0,0.0,0.0,0.0,0.0,0.0,0.0,"timestamps, SACK",0.0,0.0,0.0,3804800000.0,15219200000.0,,0.0,0.0,0.0,0.0,0.0,0.0,0.0,,0.0,0.0,0.0,0.0,0.0,0.0,0.0,0.0,0.0,0.0,0.0,,0.0,0.0,0.0
1763522552.108,192.168.70.32:41656->192.168.70.31:5201,ESTAB,3.622,0.293,0.045,0.0,3260.0,2553.0,14827520.0,0.0,0.0,1448.0,0.0,1448.0,536.0,,0.0,0.0,10430000000.0,12510000000.0,9980000000.0,0.0,16485480.0,0.0,0.0,17179869184.0,0.0,89477120.0,7757824.0,17214054400.0,0.0,0.0,0.0,3240.0,4804116480.0,0,1e-05,2122,0.0,0.0,0.0,0.0,234792295.0,3799532.0,234792293.0,0.0,0.0,0.0,0.0,0.0,0.0,0.0,0.0,0.0,0.0,0.0,3.0,201622.0,4.0,,0.0,0.0,cubic,,0.0,0.0,0.0,0.0,0.0,0.0,0.0,"timestamps, SACK",0.0,0.0,0.0,11590400000.0,46361600000.0,,0.0,0.0,0.0,0.0,0.0,0.0,0.0,,0.0,0.0,0.0,0.0,0.0,0.0,0.0,0.0,0.0,0.0,0.0,,0.0,0.0,0.0
1763522554.208,192.168.70.32:41656->192.168.70.31:5201,ESTAB,2.699,0.251,0.045,0.0,3442.0,2553.0,14827520.0,0.0,0.0,1448.0,0.0,1448.0,536.0,,0.0,0.0,14770000000.0,17720000000.0,15910000000.0,0.0,16048504.0,0.0,0.0,17179869184.0,0.0,89477120.0,33955840.0,16760037376.0,0.0,0.0,0.0,2928.0,4341497856.0,0,1e-05,2125,0.0,0.0,0.0,0.0,236770418.0,3828843.0,236770416.0,0.0,0.0,0.0,0.0,0.0,0.0,0.0,0.0,0.0,0.0,0.0,0.0,203723.0,0.0,,0.0,0.0,cubic,,0.0,0.0,0.0,0.0,0.0,0.0,0.0,"timestamps, SACK",0.0,0.0,0.0,8636800000.0,34547200000.0,,0.0,0.0,0.0,0.0,0.0,0.0,0.0,,0.0,0.0,0.0,0.0,0.0,0.0,0.0,0.0,0.0,0.0,0.0,,0.0,0.0,0.0
1763522556.301,192.168.70.32:41656->192.168.70.31:5201,ESTAB,2.353,0.014,0.045,0.0,3690.0,2553.0,14827520.0,0.0,0.0,1448.0,0.0,1448.0,536.0,,0.0,0.0,18170000000.0,21800000000.0,17880000000.0,0.0,15573240.0,0.0,136069120.0,17179869184.0,0.0,89477120.0,961552384.0,16260259840.0,0.0,0.0,0.0,3690.0,5471354880.0,0,1e-05,2125,0.0,0.0,0.0,0.0,239225707.0,3869574.0,239225705.0,0.0,0.0,0.0,0.0,0.0,0.0,0.0,0.0,0.0,0.0,0.0,0.0,205816.0,0.0,,0.0,0.0,cubic,,0.0,0.0,0.0,0.0,0.0,0.0,0.0,"timestamps, SACK",0.0,0.0,0.0,7529600000.0,30118400000.0,,0.0,0.0,0.0,0.0,0.0,0.0,0.0,,0.0,0.0,0.0,0.0,0.0,0.0,0.0,0.0,0.0,0.0,0.0,,0.0,0.0,0.0
1763522558.388,192.168.70.32:41656->192.168.70.31:5201,ESTAB,2.65,0.099,0.045,0.0,3966.0,2553.0,14827520.0,0.0,0.0,1448.0,0.0,1448.0,536.0,,0.0,0.0,17340000000.0,20800000000.0,14990000000.0,0.0,16094520.0,0.0,68034560.0,17179869184.0,0.0,89477120.0,417275904.0,16804536320.0,0.0,0.0,0.0,3960.0,5871697920.0,0,1e-05,2125,0.0,0.0,0.0,0.0,241730470.0,3908949.0,241730468.0,0.0,0.0,0.0,0.0,0.0,0.0,0.0,0.0,0.0,0.0,0.0,0.0,207902.0,0.0,,0.0,0.0,cubic,,0.0,0.0,0.0,0.0,0.0,0.0,0.0,"timestamps, SACK",0.0,0.0,0.0,8480000000.0,33920000000.0,,0.0,0.0,0.0,0.0,0.0,0.0,0.0,,0.0,0.0,0.0,0.0,0.0,0.0,0.0,0.0,0.0,0.0,0.0,,0.0,0.0,0.0
1763522560.474,192.168.70.32:41656->192.168.70.31:5201,ESTAB,2.484,0.057,0.045,0.0,3085.0,2916.0,14827520.0,0.0,0.0,1448.0,0.0,1448.0,536.0,,0.0,0.0,14390000000.0,17260000000.0,11010000000.0,0.0,15703560.0,0.0,0.0,17179869184.0,0.0,89477120.0,828366848.0,16397639680.0,0.0,0.0,0.0,3060.0,4537221120.0,0,1e-05,2145,0.0,0.0,0.0,0.0,244452037.0,3955844.0,244452035.0,0.0,0.0,0.0,0.0,0.0,0.0,0.0,0.0,0.0,0.0,0.0,0.0,209988.0,0.0,,0.0,0.0,cubic,,0.0,0.0,0.0,0.0,0.0,0.0,0.0,"timestamps, SACK",0.0,0.0,0.0,7948800000.0,31795200000.0,,0.0,0.0,0.0,0.0,0.0,0.0,0.0,,0.0,0.0,0.0,0.0,0.0,0.0,0.0,0.0,0.0,0.0,0.0,,0.0,0.0,0.0
1763522562.564,192.168.70.32:41656->192.168.70.31:5201,ESTAB,0.784,0.436,0.045,0.0,3497.0,2916.0,14827520.0,0.0,0.0,1448.0,0.0,1448.0,536.0,,0.0,0.0,51670000000.0,0.0,12940000000.0,0.0,16485480.0,0.0,272139264.0,17179869184.0,0.0,89477120.0,9068544.0,17212743680.0,0.0,0.0,0.0,3060.0,4537221120.0,0,1e-05,2145,0.0,0.0,0.0,0.0,247201234.0,4005331.0,247201232.0,0.0,0.0,0.0,0.0,0.0,0.0,0.0,0.0,0.0,0.0,0.0,0.0,212079.0,1.0,,0.0,0.0,cubic,,0.0,0.0,0.0,0.0,0.0,0.0,0.0,"timestamps, SACK",0.0,0.0,0.0,2508800000.0,10035200000.0,,0.0,0.0,0.0,0.0,0.0,0.0,0.0,,0.0,0.0,0.0,0.0,0.0,0.0,0.0,0.0,0.0,0.0,0.0,,0.0,0.0,0.0
1763522564.65,192.168.70.32:41656->192.168.70.31:5201,ESTAB,3.673,0.067,0.045,0.0,3788.0,2916.0,14827520.0,0.0,0.0,1448.0,0.0,1448.0,536.0,,0.0,0.0,11950000000.0,14320000000.0,11150000000.0,0.0,12901680.0,0.0,272138240.0,17179869184.0,0.0,89477120.0,1596669952.0,13473464320.0,0.0,0.0,0.0,3690.0,5471354880.0,0,1e-05,2145,0.0,0.0,0.0,0.0,249939577.0,4054902.0,249939575.0,0.0,0.0,0.0,0.0,0.0,0.0,0.0,0.0,0.0,0.0,0.0,0.0,214165.0,0.0,,0.0,0.0,cubic,,0.0,0.0,0.0,0.0,0.0,0.0,0.0,"timestamps, SACK",0.0,0.0,0.0,11753600000.0,47014400000.0,,0.0,0.0,0.0,0.0,0.0,0.0,0.0,,0.0,0.0,0.0,0.0,0.0,0.0,0.0,0.0,0.0,0.0,0.0,,0.0,0.0,0.0
1763522566.739,192.168.70.32:41656->192.168.70.31:5201,ESTAB,1.993,0.081,0.045,0.0,4047.0,2916.0,14827520.0,0.0,0.0,1448.0,0.0,1448.0,536.0,,0.0,0.0,23520000000.0,28230000000.0,16800000000.0,0.0,14534064.0,0.0,272138240.0,17179869184.0,0.0,89477120.0,36257792.0,15176482816.0,0.0,0.0,0.0,4005.0,5938421760.0,0,1e-05,2146,0.0,0.0,0.0,0.0,252619158.0,4100451.0,252619156.0,0.0,0.0,0.0,0.0,0.0,0.0,0.0,0.0,0.0,0.0,0.0,0.0,216254.0,1.0,,0.0,0.0,cubic,,0.0,0.0,0.0,0.0,0.0,0.0,0.0,"timestamps, SACK",0.0,0.0,0.0,6377600000.0,25510400000.0,,0.0,0.0,0.0,0.0,0.0,0.0,0.0,,0.0,0.0,0.0,0.0,0.0,0.0,0.0,0.0,0.0,0.0,0.0,,0.0,0.0,0.0
1763522568.826,192.168.70.32:41656->192.168.70.31:5201,ESTAB,1.498,0.381,0.045,0.0,3205.0,2875.0,14827520.0,0.0,0.0,1448.0,0.0,1448.0,536.0,,0.0,0.0,24780000000.0,29740000000.0,15400000000.0,0.0,16290000.0,0.0,0.0,17179869184.0,0.0,89477120.0,23117824.0,17009950720.0,0.0,0.0,0.0,3195.0,4737392640.0,0,1e-05,2147,0.0,0.0,0.0,0.0,255492095.0,4147174.0,255492093.0,0.0,0.0,0.0,0.0,0.0,0.0,0.0,0.0,0.0,0.0,0.0,0.0,218340.0,2.0,,0.0,0.0,cubic,,0.0,0.0,0.0,0.0,0.0,0.0,0.0,"timestamps, SACK",0.0,0.0,0.0,4793600000.0,19174400000.0,,0.0,0.0,0.0,0.0,0.0,0.0,0.0,,0.0,0.0,0.0,0.0,0.0,0.0,0.0,0.0,0.0,0.0,0.0,,0.0,0.0,0.0
1763522570.939,192.168.70.32:41656->192.168.70.31:5201,ESTAB,1.181,0.214,0.045,0.0,4107.0,3079.0,14827520.0,0.0,0.0,1448.0,0.0,1448.0,536.0,,0.0,0.0,40280000000.0,0.0,10340000000.0,0.0,10892512.0,0.0,272138240.0,17179869184.0,0.0,89477120.0,20258816.0,11363082240.0,0.0,0.0,0.0,2430.0,3603087360.0,0,1e-05,2149,0.0,0.0,0.0,0.0,257703135.0,4182052.0,257703133.0,0.0,0.0,0.0,0.0,0.0,0.0,0.0,0.0,0.0,0.0,0.0,0.0,220453.0,0.0,,0.0,0.0,cubic,,0.0,0.0,0.0,0.0,0.0,0.0,0.0,"timestamps, SACK",0.0,0.0,0.0,3779200000.0,15116800000.0,,0.0,0.0,0.0,0.0,0.0,0.0,0.0,,0.0,0.0,0.0,0.0,0.0,0.0,0.0,0.0,0.0,0.0,0.0,,0.0,0.0,0.0
1763522573.042,192.168.70.32:41656->192.168.70.31:5201,ESTAB,1.545,0.282,0.045,0.0,4111.0,3079.0,14827520.0,0.0,0.0,1448.0,0.0,1448.0,536.0,,0.0,0.0,30820000000.0,13570000000.0,11820000000.0,0.0,9317880.0,0.0,0.0,17179869184.0,0.0,89477120.0,1050419200.0,9728942080.0,0.0,786432.0,0.0,2025.0,3002572800.0,0,1e-05,2150,0.0,0.0,0.0,0.0,260059838.0,4219988.0,260059836.0,0.0,0.0,0.0,0.0,0.0,0.0,0.0,0.0,0.0,0.0,0.0,0.0,222556.0,1.0,,0.0,0.0,cubic,,0.0,0.0,0.0,0.0,0.0,0.0,0.0,"timestamps, SACK",0.0,0.0,0.0,4944000000.0,19776000000.0,,0.0,0.0,0.0,0.0,0.0,0.0,0.0,,0.0,0.0,0.0,0.0,0.0,0.0,0.0,0.0,0.0,0.0,0.0,,0.0,0.0,0.0
1763522575.128,192.168.70.32:41656->192.168.70.31:5201,ESTAB,4.032,0.15,0.045,0.0,4116.0,3079.0,14827520.0,0.0,0.0,1448.0,0.0,1448.0,536.0,,0.0,0.0,11830000000.0,14190000000.0,11270000000.0,0.0,12575880.0,0.0,0.0,17179869184.0,0.0,89477120.0,1939464192.0,13130670080.0,0.0,0.0,0.0,4095.0,6071869440.0,0,1e-05,2150,0.0,0.0,0.0,0.0,262803188.0,4265054.0,262803186.0,0.0,0.0,0.0,0.0,0.0,0.0,0.0,0.0,0.0,0.0,0.0,0.0,224642.0,1.0,,0.0,0.0,cubic,,0.0,0.0,0.0,0.0,0.0,0.0,0.0,"timestamps, SACK",0.0,0.0,0.0,12902400000.0,51609600000.0,,0.0,0.0,0.0,0.0,0.0,0.0,0.0,,0.0,0.0,0.0,0.0,0.0,0.0,0.0,0.0,0.0,0.0,0.0,,0.0,0.0,0.0
1763522577.227,192.168.70.32:41656->192.168.70.31:5201,ESTAB,1.164,0.387,0.045,0.0,3140.0,2884.0,14827520.0,0.0,0.0,1448.0,0.0,1448.0,536.0,,0.0,0.0,31250000000.0,0.0,15670000000.0,0.0,16485480.0,0.0,0.0,17179869184.0,0.0,89477120.0,679936.0,17212743680.0,0.0,0.0,0.0,3105.0,4603944960.0,0,1e-05,2154,0.0,0.0,0.0,0.0,265043275.0,4300355.0,265043273.0,0.0,0.0,0.0,0.0,0.0,0.0,0.0,0.0,0.0,0.0,0.0,1.0,226742.0,2.0,,0.0,0.0,cubic,,0.0,0.0,0.0,0.0,0.0,0.0,0.0,"timestamps, SACK",0.0,0.0,0.0,3724798976.0,14899195904.0,,0.0,0.0,0.0,0.0,0.0,0.0,0.0,,0.0,0.0,0.0,0.0,0.0,0.0,0.0,0.0,0.0,0.0,0.0,,0.0,0.0,0.0
1763522579.329,192.168.70.32:41656->192.168.70.31:5201,ESTAB,3.463,0.037,0.045,0.0,3494.0,2884.0,14827520.0,0.0,0.0,1448.0,0.0,1448.0,536.0,,0.0,0.0,11690000000.0,14020000000.0,11690000000.0,0.0,13422960.0,0.0,68034560.0,17179869184.0,0.0,89477120.0,2135834624.0,14016430080.0,0.0,0.0,0.0,3465.0,5137735680.0,0,1e-05,2157,0.0,0.0,0.0,0.0,266799637.0,4324786.0,266799635.0,0.0,0.0,0.0,0.0,0.0,0.0,0.0,0.0,0.0,0.0,0.0,0.0,228844.0,0.0,,0.0,0.0,cubic,,0.0,0.0,0.0,0.0,0.0,0.0,0.0,"timestamps, SACK",0.0,0.0,0.0,11081600000.0,44326400000.0,,0.0,0.0,0.0,0.0,0.0,0.0,0.0,,0.0,0.0,0.0,0.0,0.0,0.0,0.0,0.0,0.0,0.0,0.0,,0.0,0.0,0.0
1763522581.422,192.168.70.32:41656->192.168.70.31:5201,ESTAB,1.895,0.013,0.045,0.0,3755.0,2884.0,14827520.0,0.0,0.0,1448.0,0.0,1448.0,536.0,,0.0,0.0,22950000000.0,27560000000.0,19180000000.0,0.0,13879080.0,0.0,68034560.0,17179869184.0,0.0,89477120.0,1102135296.0,14559395840.0,0.0,786432.0,0.0,2880.0,4270325760.0,0,1e-05,2160,0.0,0.0,0.0,0.0,269037958.0,4356928.0,269037956.0,0.0,0.0,0.0,0.0,0.0,0.0,0.0,0.0,0.0,0.0,0.0,0.0,230937.0,0.0,,0.0,0.0,cubic,,0.0,0.0,0.0,0.0,0.0,0.0,0.0,"timestamps, SACK",0.0,0.0,0.0,6064000000.0,24256000000.0,,0.0,0.0,0.0,0.0,0.0,0.0,0.0,,0.0,0.0,0.0,0.0,0.0,0.0,0.0,0.0,0.0,0.0,0.0,,0.0,0.0,0.0
1763522583.528,192.168.70.32:41656->192.168.70.31:5201,ESTAB,1.94,0.026,0.045,0.0,3948.0,2884.0,14827520.0,0.0,0.0,1448.0,0.0,1448.0,536.0,,0.0,0.0,23570000000.0,28290000000.0,17540000000.0,0.0,12315240.0,0.0,272138240.0,17179869184.0,0.0,89477120.0,1133666304.0,12858531840.0,0.0,0.0,0.0,3735.0,5538078720.0,0,1e-05,2160,0.0,0.0,0.0,0.0,271686906.0,4396891.0,271686904.0,0.0,0.0,0.0,0.0,0.0,0.0,0.0,0.0,0.0,0.0,0.0,0.0,233043.0,0.0,,0.0,0.0,cubic,,0.0,0.0,0.0,0.0,0.0,0.0,0.0,"timestamps, SACK",0.0,0.0,0.0,6208000000.0,24832000000.0,,0.0,0.0,0.0,0.0,0.0,0.0,0.0,,0.0,0.0,0.0,0.0,0.0,0.0,0.0,0.0,0.0,0.0,0.0,,0.0,0.0,0.0
1763522585.615,192.168.70.32:41656->192.168.70.31:5201,ESTAB,2.74,0.031,0.045,0.0,4063.0,2884.0,14827520.0,0.0,0.0,1448.0,0.0,1448.0,536.0,,0.0,0.0,17180000000.0,20610000000.0,16730000000.0,0.0,14726160.0,0.0,272138240.0,17179869184.0,0.0,89477120.0,1850195968.0,15375810560.0,0.0,0.0,0.0,3825.0,5671526400.0,0,1e-05,2160,0.0,0.0,0.0,0.0,274528296.0,4436239.0,274528294.0,0.0,0.0,0.0,0.0,0.0,0.0,0.0,0.0,0.0,0.0,0.0,0.0,235130.0,0.0,,0.0,0.0,cubic,,0.0,0.0,0.0,0.0,0.0,0.0,0.0,"timestamps, SACK",0.0,0.0,0.0,8768000000.0,35072000000.0,,0.0,0.0,0.0,0.0,0.0,0.0,0.0,,0.0,0.0,0.0,0.0,0.0,0.0,0.0,0.0,0.0,0.0,0.0,,0.0,0.0,0.0
1763522587.705,192.168.70.32:41656->192.168.70.31:5201,ESTAB,1.231,0.398,0.045,0.0,3209.0,2911.0,14827520.0,0.0,0.0,1448.0,0.0,1448.0,536.0,,0.0,0.0,30200000000.0,0.0,8870000000.0,0.0,11347976.0,0.0,0.0,17179869184.0,0.0,89477120.0,1077141504.0,11849703424.0,0.0,0.0,0.0,3202.0,4747771904.0,0,1e-05,2188,0.0,0.0,0.0,0.0,277243231.0,4479964.0,277243229.0,0.0,0.0,0.0,0.0,0.0,0.0,0.0,0.0,0.0,0.0,0.0,0.0,237220.0,1.0,,0.0,0.0,cubic,,0.0,0.0,0.0,0.0,0.0,0.0,0.0,"timestamps, SACK",0.0,0.0,0.0,3939200000.0,15756800000.0,,0.0,0.0,0.0,0.0,0.0,0.0,0.0,,0.0,0.0,0.0,0.0,0.0,0.0,0.0,0.0,0.0,0.0,0.0,,0.0,0.0,0.0
1763522589.796,192.168.70.32:41656->192.168.70.31:5201,ESTAB,3.871,0.293,0.045,0.0,3582.0,2911.0,14827520.0,0.0,0.0,1448.0,0.0,1448.0,536.0,,0.0,0.0,10720000000.0,12860000000.0,11050000000.0,0.0,14661000.0,0.0,272138240.0,17179869184.0,0.0,89477120.0,1929502720.0,15309086720.0,0.0,0.0,0.0,2610.0,3869982720.0,0,1e-05,2188,0.0,0.0,0.0,0.0,279768959.0,4517142.0,279768957.0,0.0,0.0,0.0,0.0,0.0,0.0,0.0,0.0,0.0,0.0,0.0,0.0,239311.0,0.0,,0.0,0.0,cubic,,0.0,0.0,0.0,0.0,0.0,0.0,0.0,"timestamps, SACK",0.0,0.0,0.0,12387200000.0,49548800000.0,,0.0,0.0,0.0,0.0,0.0,0.0,0.0,,0.0,0.0,0.0,0.0,0.0,0.0,0.0,0.0,0.0,0.0,0.0,,0.0,0.0,0.0
1763522591.888,192.168.70.32:41656->192.168.70.31:5201,ESTAB,2.955,0.157,0.045,0.0,3840.0,2911.0,14827520.0,0.0,0.0,1448.0,0.0,1448.0,536.0,,0.0,0.0,15050000000.0,18060000000.0,12930000000.0,0.0,15442920.0,0.0,272138240.0,17179869184.0,0.0,89477120.0,1097621504.0,16124190720.0,0.0,0.0,0.0,3825.0,5671526400.0,0,1e-05,2188,0.0,0.0,0.0,0.0,282270047.0,4554972.0,282270045.0,0.0,0.0,0.0,0.0,0.0,0.0,0.0,0.0,0.0,0.0,0.0,0.0,241403.0,0.0,,0.0,0.0,cubic,,0.0,0.0,0.0,0.0,0.0,0.0,0.0,"timestamps, SACK",0.0,0.0,0.0,9456000000.0,37824000000.0,,0.0,0.0,0.0,0.0,0.0,0.0,0.0,,0.0,0.0,0.0,0.0,0.0,0.0,0.0,0.0,0.0,0.0,0.0,,0.0,0.0,0.0
1763522593.981,192.168.70.32:41656->192.168.70.31:5201,ESTAB,4.279,0.475,0.045,0.0,4048.0,2911.0,14827520.0,0.0,0.0,1448.0,0.0,1448.0,536.0,,0.0,0.0,10960000000.0,13150000000.0,9690000000.0,0.0,16485480.0,0.0,0.0,17179869184.0,0.0,89477120.0,13524992.0,17216675840.0,0.0,0.0,0.0,4005.0,5938421760.0,0,1e-05,2188,0.0,0.0,0.0,0.0,285025522.0,4593921.0,285025520.0,0.0,0.0,0.0,0.0,0.0,0.0,0.0,0.0,0.0,0.0,0.0,6.0,243495.0,6.0,,0.0,0.0,cubic,,0.0,0.0,0.0,0.0,0.0,0.0,0.0,"timestamps, SACK",0.0,0.0,0.0,13692800000.0,54771200000.0,,0.0,0.0,0.0,0.0,0.0,0.0,0.0,,0.0,0.0,0.0,0.0,0.0,0.0,0.0,0.0,0.0,0.0,0.0,,0.0,0.0,0.0



[STATISTICS]
mean,,,2.194838235294118,0.3239705882352941,0.044999999999999984,0.0,3294.485294117647,2442.014705882353,14827520.0,0.0,0.0,1448.0,0.0,1448.0,536.0,,0.0,0.0,21307352941.17647,16401176470.588236,13320588235.294117,0.0,13582848.0,0.0,117599563.29411764,17179869184.0,0.0,89477120.0,807205225.4117647,14183669037.17647,0.0,254433.88235294117,0.0,2757.073529411765,4088056289.882353,0.0,9.264705882352944e-06,1577.8088235294117,0.0,0.0,0.0,0.0,202373653.75,3273736.7647058824,202373651.75,0.0,0.0,0.0,0.0,0.0,0.0,0.0,0.0,0.0,0.0,0.0,0.4411764705882353,173169.0294117647,0.75,,0.0,0.0,,,0.0,0.0,0.0,0.0,0.0,0.0,0.0,,0.0,0.0,0.0,7023482157.176471,28093928628.705883,,0.0,0.0,0.0,0.0,0.0,0.0,0.0,,0.0,0.0,0.0,0.0,0.0,0.0,0.0,0.0,0.0,0.0,0.0,,0.0,0.0,0.0
median,,,2.0599999999999996,0.092,0.045,0.0,3360.5,2654.0,14827520.0,0.0,0.0,1448.0,0.0,1448.0,536.0,,0.0,0.0,18145000000.0,17470000000.0,12935000000.0,0.0,13826952.0,0.0,68034560.0,17179869184.0,0.0,89477120.0,695881728.0,14439948288.0,0.0,0.0,0.0,3010.0,4463083520.0,0.0,1e-05,2005.0,0.0,0.0,0.0,0.0,202058084.0,3273057.5,202058082.0,0.0,0.0,0.0,0.0,0.0,0.0,0.0,0.0,0.0,0.0,0.0,0.0,173252.5,0.0,,0.0,0.0,,,0.0,0.0,0.0,0.0,0.0,0.0,0.0,,0.0,0.0,0.0,6591998976.0,26367995904.0,,0.0,0.0,0.0,0.0,0.0,0.0,0.0,,0.0,0.0,0.0,0.0,0.0,0.0,0.0,0.0,0.0,0.0,0.0,,0.0,0.0,0.0
std,,,1.1043958922752524,0.9699095506465897,1.398096980698332e-17,0.0,573.0237548837798,623.2297794469264,0.0,0.0,0.0,0.0,0.0,0.0,0.0,,0.0,0.0,10957874101.70409,9095521372.797724,3694434653.6390085,0.0,2341242.63173101,0.0,109952619.24529624,0.0,0.0,0.0,778498696.1358469,2444849511.829313,0.0,808896.2798611696,0.0,1021.2980373426235,1514331707.4658496,0.0,2.6294409317754647e-06,607.0476697540475,0.0,0.0,0.0,0.0,48157267.17482582,784442.3282063282,48157267.17482582,0.0,0.0,0.0,0.0,0.0,0.0,0.0,0.0,0.0,0.0,0.0,1.3646097571426237,41578.103582912016,2.181160857563505,,0.0,0.0,,,0.0,0.0,0.0,0.0,0.0,0.0,0.0,,0.0,0.0,0.0,3534066943.349922,14136267773.399689,,0.0,0.0,0.0,0.0,0.0,0.0,0.0,,0.0,0.0,0.0,0.0,0.0,0.0,0.0,0.0,0.0,0.0,0.0,,0.0,0.0,0.0
min,,,0.567,0.009,0.045,0.0,1141.0,940.0,14827520.0,0.0,0.0,1448.0,0.0,1448.0,536.0,,0.0,0.0,5150000000.0,0.0,1690000000.0,0.0,4496040.0,0.0,0.0,17179869184.0,0.0,89477120.0,679936.0,4695695360.0,0.0,0.0,0.0,294.0,435929088.0,0,0.0,590,0.0,0.0,0.0,0.0,121528205.0,1954273.0,121528203.0,0.0,0.0,0.0,0.0,0.0,0.0,0.0,0.0,0.0,0.0,0.0,0.0,102697.0,0.0,,0.0,0.0,,,0.0,0.0,0.0,0.0,0.0,0.0,0.0,,0.0,0.0,0.0,1814398976.0,7257595904.0,,0.0,0.0,0.0,0.0,0.0,0.0,0.0,,0.0,0.0,0.0,0.0,0.0,0.0,0.0,0.0,0.0,0.0,0.0,,0.0,0.0,0.0
max,,,7.557,7.248,0.045,0.0,4123.0,3091.0,14827520.0,0.0,0.0,1448.0,0.0,1448.0,536.0,,0.0,0.0,67690000000.0,33700000000.000004,20020000000.0,0.0,16485480.0,0.0,272139264.0,17179869184.0,0.0,89477120.0,2135834624.0,17216675840.0,0.0,5505024.0,0.0,4095.0,6071869440.0,0,1e-05,2188,0.0,0.0,0.0,0.0,285025522.0,4593921.0,285025520.0,0.0,0.0,0.0,0.0,0.0,0.0,0.0,0.0,0.0,0.0,0.0,8.0,243495.0,16.0,,0.0,0.0,,,0.0,0.0,0.0,0.0,0.0,0.0,0.0,,0.0,0.0,0.0,24182400000.0,96729600000.0,,0.0,0.0,0.0,0.0,0.0,0.0,0.0,,0.0,0.0,0.0,0.0,0.0,0.0,0.0,0.0,0.0,0.0,0.0,,0.0,0.0,0.0
p95,,,3.8017,0.5211499999999999,0.045,0.0,4091.6,3021.95,14827520.0,0.0,0.0,1448.0,0.0,1448.0,536.0,,0.0,0.0,41261500000.0,28269000000.0,18801000000.0,0.0,16485480.0,0.0,272138240.0,17179869184.0,0.0,89477120.0,2026294476.8,17212743680.0,0.0,1297612.7999999989,0.0,3960.0,5871697920.0,0.0,1e-05,2178.2,0.0,0.0,0.0,0.0,276293003.75,4464660.25,276293001.75,0.0,0.0,0.0,0.0,0.0,0.0,0.0,0.0,0.0,0.0,0.0,2.6499999999999986,236488.5,3.6499999999999986,,0.0,0.0,,,0.0,0.0,0.0,0.0,0.0,0.0,0.0,,0.0,0.0,0.0,12165440000.0,48661760000.0,,0.0,0.0,0.0,0.0,0.0,0.0,0.0,,0.0,0.0,0.0,0.0,0.0,0.0,0.0,0.0,0.0,0.0,0.0,,0.0,0.0,0.0
p99,,,5.3607399999999945,4.627629999999994,0.045,0.0,4118.31,3082.96,14827520.0,0.0,0.0,1448.0,0.0,1448.0,536.0,,0.0,0.0,56956599999.99997,32065199999.999996,19798900000.0,0.0,16485480.0,0.0,272138577.92,17179869184.0,0.0,89477120.0,2130214256.6399999,17214919475.2,0.0,3397386.2399999946,0.0,4034.7,5982459494.4,0.0,1e-05,2188.0,0.0,0.0,0.0,0.0,283179353.75,4567825.17,283179351.75,0.0,0.0,0.0,0.0,0.0,0.0,0.0,0.0,0.0,0.0,0.0,6.659999999999997,242093.36,9.299999999999983,,0.0,0.0,,,0.0,0.0,0.0,0.0,0.0,0.0,0.0,,0.0,0.0,0.0,17154367999.99998,68617471999.99992,,0.0,0.0,0.0,0.0,0.0,0.0,0.0,,0.0,0.0,0.0,0.0,0.0,0.0,0.0,0.0,0.0,0.0,0.0,,0.0,0.0,0.0
cv,,,0.5031787192860063,2.993819765954067,3.1068821793296276e-16,,0.17393422757324867,0.25521131299729005,0.0,,,0.0,,0.0,0.0,,,,0.5142766505044365,0.5545651794618797,0.27734771080531306,,0.17236757944512152,,0.9349747241008343,0.0,,0.0,0.9644371364651729,0.17237073887025828,,3.1792003186867186,,0.3704282916098079,0.3704282916098079,,0.28381267200116117,0.38474095258013474,,,,,0.23796213727660592,0.23961680018485046,0.2379621396283166,,,,,,,,,,,,3.0931154495232804,0.2401012682472614,2.90821447675134,,,,,,,,,,,,,,,,,0.5031787458502867,0.5031787458502867,,,,,,,,,,,,,,,,,,,,,,,,
non_zero_count,,,68,68,68,0,68,68,68,0,0,68,0,68,68,,0,0,68,56,68,0,68,0,45,68,0,68,68,68,0,11,0,68,68,0,63,68,0,0,0,0,68,68,68,0,0,0,0,0,0,0,0,0,0,0,11,68,20,,0,0,,,0,0,0,0,0,0,0,,0,0,0,68,68,,0,0,0,0,0,0,0,,0,0,0,0,0,0,0,0,0,0,0,,0,0,0
non_zero_mean,,,2.194838235294118,0.3239705882352941,0.044999999999999984,,3294.485294117647,2442.014705882353,14827520.0,,,1448.0,,1448.0,536.0,,,,21307352941.17647,19915714285.714287,13320588235.294117,,13582848.0,,177706006.75555557,17179869184.0,,89477120.0,807205225.4117647,14183669037.17647,,1572864.0,,2757.073529411765,4088056289.882353,,1.0000000000000004e-05,1577.8088235294117,,,,,202373653.75,3273736.7647058824,202373651.75,,,,,,,,,,,,2.727272727272727,173169.0294117647,2.55,,,,,,,,,,,,,,,,,7023482157.176471,28093928628.705883,,,,,,,,,,,,,,,,,,,,,,,,
