timestamp,connection,state,rtt,rttvar,minrtt,rto,cwnd,ssthresh,rwnd,rcv_ssthresh,snd_wnd,mss,pmtu,advmss,rcvmss,send_rate,pacing_rate,delivery_rate,send_q,recv_q,socket_tx_queue,socket_tx_buffer,socket_rx_queue,socket_rx_buffer,socket_forward_alloc,socket_write_queue,socket_opt_mem,socket_backlog,socket_dropped,packets_out,inflight_data,retrans,retrans_rate,retrans_total,lost,sacked,dsack_dups,spurious_retrans_rate,segs_out,segs_in,data_segs_out,data_segs_in,bytes_sent,bytes_acked,bytes_received,lastsnd,lastrcv,lastack,app_limited,rcv_rtt,ato,congestion_algorithm,ca_state,reordering,rcv_ooopack,busy_time,rwnd_limited_time,rwnd_limited_ratio,sndbuf_limited_time,sndbuf_limited_ratio,cwnd_limited_time,cwnd_limited_ratio,tcp_features,bdp,recommended_window
1762859514.147,100.100.103.205:48274->100.100.103.201:5001,ESTAB,5.362,10.143,0.026,0.0,5211.0,4057.0,14827520.0,0.0,0.0,1448.0,1500.0,1448.0,536.0,11260000000.0,13510000000.0,1490000000.0,16482584.0,0.0,0.0,17179869184.0,0.0,89477120.0,1024000.0,17212399616.0,0.0,0.0,0.0,2307.0,3420708864.0,0,4e-05,18612,0.0,0.0,13048.0,0.7010500000000001,430403858.0,7257188.0,430403856.0,0.0,0.0,0.0,0.0,10.0,1331217.0,26.0,,0.0,0.0,cubic,,0.0,0.0,0.0,0.0,0.0,0.0,0.0,0.0,0.0,"timestamps, SACK",17158400000.0,68633600000.0
1762859516.193,100.100.103.205:48274->100.100.103.201:5001,ESTAB,0.257,0.06,0.026,0.0,5211.0,4057.0,14827520.0,0.0,0.0,1448.0,1500.0,1448.0,536.0,234880000000.0,0.0,10430000000.0,13156528.0,0.0,0.0,17179869184.0,0.0,89477120.0,2179072.0,13738360832.0,0.0,0.0,0.0,5211.0,7726620672.0,0,4e-05,18632,0.0,0.0,13069.0,0.70143,430989646.0,7267344.0,430989644.0,0.0,0.0,0.0,0.0,26.0,1333289.0,34.0,,0.0,0.0,cubic,,0.0,0.0,0.0,0.0,0.0,0.0,0.0,0.0,0.0,"timestamps, SACK",822400000.0,3289600000.0
1762859518.258,100.100.103.205:48274->100.100.103.201:5001,ESTAB,0.224,0.03,0.026,0.0,5215.0,4057.0,14827520.0,0.0,0.0,1448.0,1500.0,1448.0,536.0,269690000000.0,0.0,5330000000.0,16352264.0,0.0,272138240.0,17179869184.0,0.0,89477120.0,122937344.0,17073709056.0,0.0,0.0,0.0,88.0,130482176.0,0,4e-05,18653,0.0,0.0,13090.0,0.70176,431604720.0,7277699.0,431604718.0,0.0,0.0,0.0,0.0,0.0,1335354.0,0.0,,0.0,0.0,cubic,,0.0,0.0,0.0,0.0,0.0,0.0,0.0,0.0,0.0,"timestamps, SACK",716800000.0,2867200000.0
1762859520.349,100.100.103.205:48274->100.100.103.201:5001,ESTAB,0.267,0.019,0.026,0.0,5225.0,4057.0,14827520.0,0.0,0.0,1448.0,1500.0,1448.0,536.0,226690000000.0,0.0,11630000000.0,15272056.0,0.0,0.0,17179869184.0,0.0,89477120.0,3022848.0,15947915264.0,0.0,0.0,0.0,5225.0,7747379200.0,0,4e-05,18673,0.0,0.0,13110.0,0.70208,432192674.0,7287880.0,432192672.0,0.0,0.0,0.0,0.0,24.0,1337398.0,33.0,,0.0,0.0,cubic,,0.0,0.0,0.0,0.0,0.0,0.0,0.0,0.0,0.0,"timestamps, SACK",854400000.0,3417600000.0
1762859522.452,100.100.103.205:48274->100.100.103.201:5001,ESTAB,0.311,0.064,0.026,0.0,5245.0,4057.0,14827520.0,0.0,0.0,1448.0,1500.0,1448.0,536.0,195360000000.0,0.0,10990000000.0,15286848.0,0.0,204103680.0,17179869184.0,0.0,89477120.0,13041664.0,15963062272.0,0.0,0.0,0.0,310.0,459653120.0,0,4e-05,18693,0.0,0.0,13130.0,0.7023999999999999,432810377.0,7297775.0,432810375.0,0.0,0.0,0.0,0.0,0.0,1339548.0,0.0,,0.0,0.0,cubic,,0.0,0.0,0.0,0.0,0.0,0.0,0.0,0.0,0.0,"timestamps, SACK",995200000.0,3980800000.0
1762859524.494,100.100.103.205:48274->100.100.103.201:5001,ESTAB,0.242,0.038,0.026,0.0,5275.0,4057.0,14827520.0,0.0,0.0,1448.0,1500.0,1448.0,536.0,252500000000.0,0.0,9310000000.0,15615232.0,0.0,0.0,17179869184.0,0.0,89477120.0,1572864.0,16305881088.0,0.0,0.0,0.0,5275.0,7821516800.0,0,4e-05,18713,0.0,0.0,13150.0,0.70272,433406694.0,7307828.0,433406692.0,0.0,0.0,0.0,0.0,30.0,1341590.0,40.0,,0.0,0.0,cubic,,0.0,0.0,0.0,0.0,0.0,0.0,0.0,0.0,0.0,"timestamps, SACK",774400000.0,3097600000.0
1762859526.558,100.100.103.205:48274->100.100.103.201:5001,ESTAB,0.21,0.028,0.026,0.0,5320.0,4057.0,14827520.0,0.0,0.0,1448.0,1500.0,1448.0,536.0,293460000000.0,0.0,7980000000.0,4852248.0,0.0,272138240.0,17179869184.0,0.0,89477120.0,1434165248.0,5067005952.0,0.0,0.0,0.0,156.0,231309312.0,0,4e-05,18733,0.0,0.0,13170.0,0.70304,434015604.0,7318310.0,434015602.0,0.0,0.0,0.0,0.0,0.0,1343652.0,0.0,,0.0,0.0,cubic,,0.0,0.0,0.0,0.0,0.0,0.0,0.0,0.0,0.0,"timestamps, SACK",672000000.0,2688000000.0
1762859528.652,100.100.103.205:48274->100.100.103.201:5001,ESTAB,0.239,0.088,0.026,0.0,5376.0,4057.0,14827520.0,0.0,0.0,1448.0,1500.0,1448.0,536.0,260570000000.0,0.0,11690000000.0,14368504.0,0.0,272138240.0,17179869184.0,0.0,89477120.0,1140858880.0,15003017216.0,0.0,0.0,0.0,203.0,300998656.0,0,4e-05,18753,0.0,0.0,13190.0,0.7033499999999999,434623319.0,7328605.0,434623317.0,0.0,0.0,0.0,0.0,0.0,1345749.0,0.0,,0.0,0.0,cubic,,0.0,0.0,0.0,0.0,0.0,0.0,0.0,0.0,0.0,"timestamps, SACK",764800000.0,3059200000.0
1762859530.748,100.100.103.205:48274->100.100.103.201:5001,ESTAB,0.289,0.041,0.026,0.0,5451.0,4057.0,14827520.0,0.0,0.0,1448.0,1500.0,1448.0,536.0,218490000000.0,0.0,12100000000.0,14285968.0,0.0,272138240.0,17179869184.0,0.0,89477120.0,1247657984.0,14917189632.0,0.0,0.0,0.0,236.0,349929472.0,0,4e-05,18773,0.0,0.0,13210.0,0.70367,435228970.0,7338475.0,435228968.0,0.0,0.0,0.0,0.0,0.0,1347844.0,0.0,,0.0,0.0,cubic,,0.0,0.0,0.0,0.0,0.0,0.0,0.0,0.0,0.0,"timestamps, SACK",924798976.0,3699195904.0
1762859532.79,100.100.103.205:48274->100.100.103.201:5001,ESTAB,0.305,0.035,0.026,0.0,5549.0,4057.0,14827520.0,0.0,0.0,1448.0,1500.0,1448.0,536.0,210750000000.0,0.0,12100000000.0,16465208.0,0.0,0.0,17179869184.0,0.0,89477120.0,3350528.0,17193295872.0,0.0,0.0,0.0,5549.0,8227790848.0,0,4e-05,18792,0.0,0.0,13229.0,0.7039700000000001,435835666.0,7347973.0,435835664.0,0.0,0.0,0.0,0.0,25.0,1349886.0,35.0,,0.0,0.0,cubic,,0.0,0.0,0.0,0.0,0.0,0.0,0.0,0.0,0.0,"timestamps, SACK",976000000.0,3904000000.0
1762859534.858,100.100.103.205:48274->100.100.103.201:5001,ESTAB,0.372,0.062,0.026,0.0,5563.0,4171.0,14827520.0,0.0,0.0,1448.0,1500.0,1448.0,536.0,173230000000.0,0.0,7160000000.0,11265440.0,0.0,272138240.0,17179869184.0,0.0,89477120.0,1193639936.0,11762565120.0,0.0,0.0,0.0,535.0,793272320.0,0,4e-05,18822,0.0,0.0,13249.0,0.70391,436445574.0,7357965.0,436445572.0,0.0,0.0,0.0,0.0,0.0,1351952.0,0.0,,0.0,0.0,cubic,,0.0,0.0,0.0,0.0,0.0,0.0,0.0,0.0,0.0,"timestamps, SACK",1190400000.0,4761600000.0
1762859536.946,100.100.103.205:48274->100.100.103.201:5001,ESTAB,5.345,10.201,0.026,0.0,5563.0,4171.0,14827520.0,0.0,0.0,1448.0,1500.0,1448.0,536.0,12060000000.0,14470000000.0,1580000000.0,16495616.0,0.0,0.0,17179869184.0,0.0,89477120.0,8650752.0,17225744384.0,0.0,0.0,0.0,2041.0,3026296832.0,0,4e-05,18855,0.0,0.0,13267.0,0.70363,437028523.0,7367961.0,437028521.0,0.0,0.0,0.0,0.0,5.0,1353997.0,7.0,,0.0,0.0,cubic,,0.0,0.0,0.0,0.0,0.0,0.0,0.0,0.0,0.0,"timestamps, SACK",17104000000.0,68416000000.0
1762859538.989,100.100.103.205:48274->100.100.103.201:5001,ESTAB,0.218,0.037,0.026,0.0,5563.0,4171.0,14827520.0,0.0,0.0,1448.0,1500.0,1448.0,536.0,295600000000.0,0.0,18030000000.0,11779480.0,0.0,0.0,17179869184.0,0.0,89477120.0,1155072.0,12300738560.0,0.0,0.0,0.0,5563.0,8248549376.0,0,4e-05,18887,0.0,0.0,13287.0,0.7034999999999999,437645067.0,7378417.0,437645065.0,0.0,0.0,0.0,0.0,25.0,1356085.0,34.0,,0.0,0.0,cubic,,0.0,0.0,0.0,0.0,0.0,0.0,0.0,0.0,0.0,"timestamps, SACK",697600000.0,2790400000.0
1762859541.049,100.100.103.205:48274->100.100.103.201:5001,ESTAB,5.225,10.049,0.026,0.0,5563.0,4171.0,14827520.0,0.0,0.0,1448.0,1500.0,1448.0,536.0,12330000000.0,14800000000.0,1610000000.0,16452176.0,0.0,0.0,17179869184.0,0.0,89477120.0,2801664.0,17181261824.0,0.0,0.0,0.0,2071.0,3070779392.0,0,4e-05,18908,0.0,0.0,13307.0,0.70378,438246656.0,7388443.0,438246654.0,0.0,0.0,0.0,0.0,20.0,1358129.0,35.0,,0.0,0.0,cubic,,0.0,0.0,0.0,0.0,0.0,0.0,0.0,0.0,0.0,"timestamps, SACK",16719998976.0,66879995904.0
1762859543.09,100.100.103.205:48274->100.100.103.201:5001,ESTAB,0.597,0.453,0.026,0.0,5563.0,4171.0,14827520.0,0.0,0.0,1448.0,1500.0,1448.0,536.0,107940000000.0,0.0,3780000000.0,11087336.0,0.0,0.0,17179869184.0,0.0,89477120.0,1597440.0,11578875904.0,0.0,0.0,0.0,5563.0,8248549376.0,0,4e-05,18928,0.0,0.0,13328.0,0.70414,438876157.0,7399017.0,438876155.0,0.0,0.0,0.0,0.0,24.0,1360186.0,34.0,,0.0,0.0,cubic,,0.0,0.0,0.0,0.0,0.0,0.0,0.0,0.0,0.0,"timestamps, SACK",1910400000.0,7641600000.0
1762859545.146,100.100.103.205:48274->100.100.103.201:5001,ESTAB,5.281,10.087,0.026,0.0,5563.0,4171.0,14827520.0,0.0,0.0,1448.0,1500.0,1448.0,536.0,12200000000.0,14640000000.0,1600000000.0,16463760.0,0.0,0.0,17179869184.0,0.0,89477120.0,3522560.0,17193123840.0,0.0,0.0,0.0,2071.0,3070779392.0,0,4e-05,18948,0.0,0.0,13347.0,0.7044,439472321.0,7408631.0,439472319.0,0.0,0.0,0.0,0.0,20.0,1362228.0,37.0,,0.0,0.0,cubic,,0.0,0.0,0.0,0.0,0.0,0.0,0.0,0.0,0.0,"timestamps, SACK",16899200000.0,67596800000.0
1762859547.188,100.100.103.205:48274->100.100.103.201:5001,ESTAB,0.207,0.027,0.026,0.0,5563.0,4171.0,14827520.0,0.0,0.0,1448.0,1500.0,1448.0,536.0,311310000000.0,0.0,7500000000.0,16485480.0,0.0,0.0,17179869184.0,0.0,89477120.0,3563520.0,17214054400.0,0.0,0.0,0.0,5563.0,8248549376.0,0,4e-05,18967,0.0,0.0,13367.0,0.70475,440076859.0,7418876.0,440076857.0,0.0,0.0,0.0,0.0,22.0,1364284.0,31.0,,0.0,0.0,cubic,,0.0,0.0,0.0,0.0,0.0,0.0,0.0,0.0,0.0,"timestamps, SACK",662400000.0,2649600000.0
1762859549.255,100.100.103.205:48274->100.100.103.201:5001,ESTAB,0.258,0.027,0.026,0.0,5564.0,4171.0,14827520.0,0.0,0.0,1448.0,1500.0,1448.0,536.0,249820000000.0,0.0,10090000000.0,9015248.0,0.0,272138240.0,17179869184.0,0.0,89477120.0,1336197120.0,9413804032.0,0.0,0.0,0.0,241.0,357343232.0,0,4e-05,18988,0.0,0.0,13388.0,0.7050799999999999,440705162.0,7429320.0,440705160.0,0.0,0.0,0.0,0.0,0.0,1366350.0,0.0,,0.0,0.0,cubic,,0.0,0.0,0.0,0.0,0.0,0.0,0.0,0.0,0.0,"timestamps, SACK",825600000.0,3302400000.0
1762859551.348,100.100.103.205:48274->100.100.103.201:5001,ESTAB,0.29,0.018,0.026,0.0,5564.0,4171.0,14827520.0,0.0,0.0,1448.0,1500.0,1448.0,536.0,222250000000.0,0.0,12880000000.0,11482640.0,0.0,0.0,17179869184.0,0.0,89477120.0,4177920.0,11991531520.0,0.0,0.0,0.0,5564.0,8250032128.0,0,4e-05,19008,0.0,0.0,13408.0,0.70539,441297287.0,7439004.0,441297285.0,0.0,0.0,0.0,0.0,20.0,1368393.0,31.0,,0.0,0.0,cubic,,0.0,0.0,0.0,0.0,0.0,0.0,0.0,0.0,0.0,"timestamps, SACK",928000000.0,3712000000.0
1762859553.45,100.100.103.205:48274->100.100.103.201:5001,ESTAB,0.237,0.061,0.026,0.0,5564.0,4171.0,14827520.0,0.0,0.0,1448.0,1500.0,1448.0,536.0,271959999999.99997,0.0,9980000000.0,15558760.0,0.0,0.0,17179869184.0,0.0,89477120.0,1990656.0,16246743040.0,0.0,0.0,0.0,5564.0,8250032128.0,0,4e-05,19028,0.0,0.0,13428.0,0.7056999999999999,441919487.0,7449544.0,441919485.0,0.0,0.0,0.0,0.0,23.0,1370489.0,32.0,,0.0,0.0,cubic,,0.0,0.0,0.0,0.0,0.0,0.0,0.0,0.0,0.0,"timestamps, SACK",758400000.0,3033600000.0
1762859555.491,100.100.103.205:48274->100.100.103.201:5001,ESTAB,0.367,0.047,0.026,0.0,5564.0,4171.0,14827520.0,0.0,0.0,1448.0,1500.0,1448.0,536.0,175620000000.0,0.0,11180000000.0,14487240.0,0.0,0.0,17179869184.0,0.0,89477120.0,319488.0,15128535040.0,0.0,0.0,0.0,5564.0,8250032128.0,0,4e-05,19048,0.0,0.0,13448.0,0.70601,442530726.0,7459470.0,442530724.0,0.0,0.0,0.0,0.0,27.0,1372587.0,35.0,,0.0,0.0,cubic,,0.0,0.0,0.0,0.0,0.0,0.0,0.0,0.0,0.0,"timestamps, SACK",1174400000.0,4697600000.0
1762859557.559,100.100.103.205:48274->100.100.103.201:5001,ESTAB,0.252,0.026,0.026,0.0,5564.0,4171.0,14827520.0,0.0,0.0,1448.0,1500.0,1448.0,536.0,255770000000.0,0.0,11810000000.0,3463616.0,0.0,272138240.0,17179869184.0,0.0,89477120.0,1780547584.0,3617521664.0,0.0,0.0,0.0,232.0,343998464.0,0,4e-05,19069,0.0,0.0,13469.0,0.7063299999999999,443137342.0,7469670.0,443137340.0,0.0,0.0,0.0,0.0,0.0,1374653.0,0.0,,0.0,0.0,cubic,,0.0,0.0,0.0,0.0,0.0,0.0,0.0,0.0,0.0,"timestamps, SACK",806400000.0,3225600000.0
1762859559.649,100.100.103.205:48274->100.100.103.201:5001,ESTAB,0.303,0.039,0.026,0.0,5565.0,4171.0,14827520.0,0.0,0.0,1448.0,1500.0,1448.0,536.0,212760000000.0,0.0,10160000000.0,14763808.0,0.0,272138240.0,17179869184.0,0.0,89477120.0,1797750784.0,15415672832.0,0.0,0.0,0.0,341.0,505618432.0,0,4e-05,19090,0.0,0.0,13490.0,0.7066500000000001,443731823.0,7479284.0,443731821.0,0.0,0.0,0.0,0.0,0.0,1376745.0,0.0,,0.0,0.0,cubic,,0.0,0.0,0.0,0.0,0.0,0.0,0.0,0.0,0.0,"timestamps, SACK",969600000.0,3878400000.0
1762859561.751,100.100.103.205:48274->100.100.103.201:5001,ESTAB,0.204,0.023,0.026,0.0,5565.0,4171.0,14827520.0,0.0,0.0,1448.0,1500.0,1448.0,536.0,316000000000.0,0.0,10680000000.0,14044152.0,0.0,272139264.0,17179869184.0,0.0,89477120.0,1471160320.0,14664327168.0,0.0,0.0,0.0,249.0,369205248.0,0,4e-05,19111,0.0,0.0,13511.0,0.7069799999999999,444340607.0,7489402.0,444340605.0,0.0,0.0,0.0,0.0,0.0,1378846.0,0.0,,0.0,0.0,cubic,,0.0,0.0,0.0,0.0,0.0,0.0,0.0,0.0,0.0,"timestamps, SACK",652800000.0,2611200000.0
1762859563.841,100.100.103.205:48274->100.100.103.201:5001,ESTAB,0.264,0.022,0.026,0.0,5565.0,4171.0,14827520.0,0.0,0.0,1448.0,1500.0,1448.0,536.0,244190000000.0,0.0,11330000000.0,11518840.0,0.0,0.0,17179869184.0,0.0,89477120.0,663552.0,12028600320.0,0.0,0.0,0.0,5565.0,8251514880.0,0,4e-05,19131,0.0,0.0,13531.0,0.7072799999999999,444930549.0,7499178.0,444930547.0,0.0,0.0,0.0,0.0,27.0,1380888.0,37.0,,0.0,0.0,cubic,,0.0,0.0,0.0,0.0,0.0,0.0,0.0,0.0,0.0,"timestamps, SACK",844800000.0,3379200000.0
1762859565.884,100.100.103.205:48274->100.100.103.201:5001,ESTAB,0.28,0.016,0.026,0.0,3971.0,3896.0,14827520.0,0.0,0.0,1448.0,1500.0,1448.0,536.0,164290000000.0,0.0,11180000000.0,16494168.0,0.0,0.0,17179869184.0,0.0,89477120.0,1744896.0,17224261632.0,0.0,0.0,0.0,3971.0,5888008192.0,0,4e-05,19169,0.0,0.0,13551.0,0.7069199999999999,445555355.0,7510050.0,445555353.0,0.0,0.0,0.0,0.0,19.0,1382980.0,27.0,,0.0,0.0,cubic,,0.0,0.0,0.0,0.0,0.0,0.0,0.0,0.0,0.0,"timestamps, SACK",896000000.0,3584000000.0
1762859567.956,100.100.103.205:48274->100.100.103.201:5001,ESTAB,0.288,0.05,0.026,0.0,3968.0,3896.0,14827520.0,0.0,0.0,1448.0,1500.0,1448.0,536.0,159600000000.0,0.0,9960000000.0,8247808.0,0.0,272138240.0,17179869184.0,0.0,89477120.0,1114374144.0,8612216832.0,0.0,0.0,0.0,296.0,438894592.0,0,4e-05,19210,0.0,0.0,13571.0,0.7064499999999999,446150318.0,7519811.0,446150316.0,0.0,0.0,0.0,0.0,0.0,1385050.0,0.0,,0.0,0.0,cubic,,0.0,0.0,0.0,0.0,0.0,0.0,0.0,0.0,0.0,"timestamps, SACK",921598976.0,3686395904.0
1762859570.047,100.100.103.205:48274->100.100.103.201:5001,ESTAB,5.355,10.182,0.026,0.0,5565.0,4173.0,14827520.0,0.0,0.0,1448.0,1500.0,1448.0,536.0,12040000000.0,14440000000.0,1580000000.0,16495616.0,0.0,0.0,17179869184.0,0.0,89477120.0,4456448.0,17225744384.0,0.0,0.0,0.0,2069.0,3067813888.0,0,4e-05,19230,0.0,0.0,13591.0,0.70676,446758121.0,7529653.0,446758119.0,0.0,0.0,0.0,0.0,4.0,1387097.0,6.0,,0.0,0.0,cubic,,0.0,0.0,0.0,0.0,0.0,0.0,0.0,0.0,0.0,"timestamps, SACK",17136000000.0,68544000000.0
1762859572.091,100.100.103.205:48274->100.100.103.201:5001,ESTAB,0.237,0.023,0.026,0.0,5565.0,4173.0,14827520.0,0.0,0.0,1448.0,1500.0,1448.0,536.0,272000000000.0,0.0,9580000000.0,16476792.0,0.0,0.0,17179869184.0,0.0,89477120.0,4071424.0,17205157888.0,0.0,0.0,0.0,5565.0,8251514880.0,0,4e-05,19251,0.0,0.0,13612.0,0.7070799999999999,447386363.0,7539941.0,447386361.0,0.0,0.0,0.0,0.0,20.0,1389187.0,29.0,,0.0,0.0,cubic,,0.0,0.0,0.0,0.0,0.0,0.0,0.0,0.0,0.0,"timestamps, SACK",758400000.0,3033600000.0
1762859574.185,100.100.103.205:48274->100.100.103.201:5001,ESTAB,0.235,0.016,0.026,0.0,5565.0,4173.0,14827520.0,0.0,0.0,1448.0,1500.0,1448.0,536.0,274320000000.0,0.0,11430000000.0,16485480.0,0.0,0.0,17179869184.0,0.0,89477120.0,3563520.0,17214054400.0,0.0,0.0,0.0,5565.0,8251514880.0,0,4e-05,19271,0.0,0.0,13632.0,0.70738,448017883.0,7550391.0,448017881.0,0.0,0.0,0.0,0.0,21.0,1391281.0,29.0,,0.0,0.0,cubic,,0.0,0.0,0.0,0.0,0.0,0.0,0.0,0.0,0.0,"timestamps, SACK",752000000.0,3008000000.0
1762859576.253,100.100.103.205:48274->100.100.103.201:5001,ESTAB,0.358,0.053,0.026,0.0,5565.0,4173.0,14827520.0,0.0,0.0,1448.0,1500.0,1448.0,536.0,180070000000.0,0.0,12240000000.0,13076888.0,0.0,272138240.0,17179869184.0,0.0,89477120.0,1424334848.0,13654188032.0,0.0,0.0,0.0,391.0,579756032.0,0,4e-05,19292,0.0,0.0,13653.0,0.7077,448640994.0,7560396.0,448640992.0,0.0,0.0,0.0,0.0,0.0,1393349.0,0.0,,0.0,0.0,cubic,,0.0,0.0,0.0,0.0,0.0,0.0,0.0,0.0,0.0,"timestamps, SACK",1145600000.0,4582400000.0
1762859578.35,100.100.103.205:48274->100.100.103.201:5001,ESTAB,0.245,0.024,0.026,0.0,5565.0,4173.0,14827520.0,0.0,0.0,1448.0,1500.0,1448.0,536.0,263120000000.0,0.0,13370000000.0,16459416.0,0.0,0.0,17179869184.0,0.0,89477120.0,892928.0,17187364864.0,0.0,0.0,0.0,5565.0,8251514880.0,0,4e-05,19311,0.0,0.0,13672.0,0.7079900000000001,449269237.0,7569910.0,449269235.0,0.0,0.0,0.0,0.0,19.0,1395392.0,29.0,,0.0,0.0,cubic,,0.0,0.0,0.0,0.0,0.0,0.0,0.0,0.0,0.0,"timestamps, SACK",784000000.0,3136000000.0
1762859580.391,100.100.103.205:48274->100.100.103.201:5001,ESTAB,0.241,0.037,0.026,0.0,5566.0,4173.0,14827520.0,0.0,0.0,1448.0,1500.0,1448.0,536.0,267540000000.00003,0.0,11330000000.0,11030864.0,0.0,0.0,17179869184.0,0.0,89477120.0,2015232.0,11519737856.0,0.0,0.0,0.0,5566.0,8252997632.0,0,4e-05,19331,0.0,0.0,13692.0,0.70829,449892394.0,7579997.0,449892392.0,0.0,0.0,0.0,0.0,25.0,1397487.0,35.0,,0.0,0.0,cubic,,0.0,0.0,0.0,0.0,0.0,0.0,0.0,0.0,0.0,"timestamps, SACK",771200000.0,3084800000.0
1762859582.46,100.100.103.205:48274->100.100.103.201:5001,ESTAB,0.21,0.019,0.026,0.0,5566.0,4173.0,14827520.0,0.0,0.0,1448.0,1500.0,1448.0,536.0,307030000000.0,0.0,13780000000.0,11142360.0,0.0,272138240.0,17179869184.0,0.0,89477120.0,1326489600.0,11633909760.0,0.0,0.0,0.0,4500.0,6672384000.0,0,4e-05,19351,0.0,0.0,13712.0,0.7085899999999999,450475792.0,7589345.0,450475790.0,0.0,0.0,0.0,0.0,0.0,1399554.0,3.0,,0.0,0.0,cubic,,0.0,0.0,0.0,0.0,0.0,0.0,0.0,0.0,0.0,"timestamps, SACK",672000000.0,2688000000.0
1762859584.548,100.100.103.205:48274->100.100.103.201:5001,ESTAB,0.26,0.036,0.026,0.0,5566.0,4173.0,14827520.0,0.0,0.0,1448.0,1500.0,1448.0,536.0,247990000000.0,0.0,13730000000.0,16502856.0,0.0,0.0,17179869184.0,0.0,89477120.0,1236992.0,17233158144.0,0.0,0.0,0.0,5566.0,8252997632.0,0,4e-05,19371,0.0,0.0,13732.0,0.7088899999999999,451056448.0,7599202.0,451056446.0,0.0,0.0,0.0,0.0,36.0,1401599.0,46.0,,0.0,0.0,cubic,,0.0,0.0,0.0,0.0,0.0,0.0,0.0,0.0,0.0,"timestamps, SACK",832000000.0,3328000000.0
1762859586.592,100.100.103.205:48274->100.100.103.201:5001,ESTAB,0.319,0.073,0.026,0.0,5566.0,4173.0,14827520.0,0.0,0.0,1448.0,1500.0,1448.0,536.0,202120000000.0,0.0,10000000000.0,16476792.0,0.0,0.0,17179869184.0,0.0,89477120.0,4071424.0,17205157888.0,0.0,0.0,0.0,5566.0,8252997632.0,0,4e-05,19391,0.0,0.0,13752.0,0.70919,451695078.0,7610119.0,451695076.0,0.0,0.0,0.0,0.0,28.0,1403688.0,37.0,,0.0,0.0,cubic,,0.0,0.0,0.0,0.0,0.0,0.0,0.0,0.0,0.0,"timestamps, SACK",1020800000.0,4083200000.0
1762859588.659,100.100.103.205:48274->100.100.103.201:5001,ESTAB,0.241,0.036,0.026,0.0,5566.0,4173.0,14827520.0,0.0,0.0,1448.0,1500.0,1448.0,536.0,267540000000.00003,0.0,11470000000.0,13647400.0,0.0,272138240.0,17179869184.0,0.0,89477120.0,63660032.0,14251499520.0,0.0,0.0,0.0,180.0,266895360.0,0,4e-05,19412,0.0,0.0,13773.0,0.70951,452313653.0,7620339.0,452313651.0,0.0,0.0,0.0,0.0,1.0,1405755.0,1.0,,0.0,0.0,cubic,,0.0,0.0,0.0,0.0,0.0,0.0,0.0,0.0,0.0,"timestamps, SACK",771200000.0,3084800000.0
1762859590.751,100.100.103.205:48274->100.100.103.201:5001,ESTAB,0.282,0.051,0.025,0.0,5567.0,4173.0,14827520.0,0.0,0.0,1448.0,1500.0,1448.0,536.0,228680000000.0,0.0,7420000000.0,15179384.0,0.0,272138240.0,17179869184.0,0.0,89477120.0,1368530944.0,15849086976.0,0.0,0.0,0.0,223.0,330653696.0,0,4e-05,19432,0.0,0.0,13793.0,0.7098099999999999,452894527.0,7629449.0,452894525.0,0.0,0.0,0.0,0.0,0.0,1407847.0,0.0,,0.0,0.0,cubic,,0.0,0.0,0.0,0.0,0.0,0.0,0.0,0.0,0.0,"timestamps, SACK",902398976.0,3609595904.0
1762859592.851,100.100.103.205:48274->100.100.103.201:5001,ESTAB,0.201,0.031,0.025,0.0,5567.0,4173.0,14827520.0,0.0,0.0,1448.0,1500.0,1448.0,536.0,320840000000.0,0.0,9550000000.0,16290000.0,0.0,272138240.0,17179869184.0,0.0,89477120.0,246726656.0,17008640000.0,0.0,0.0,0.0,135.0,200171520.0,0,4e-05,19453,0.0,0.0,13814.0,0.71012,453508023.0,7639121.0,453508021.0,0.0,0.0,0.0,0.0,0.0,1409947.0,0.0,,0.0,0.0,cubic,,0.0,0.0,0.0,0.0,0.0,0.0,0.0,0.0,0.0,"timestamps, SACK",643200000.0,2572800000.0
1762859594.951,100.100.103.205:48274->100.100.103.201:5001,ESTAB,0.267,0.054,0.025,0.0,5567.0,4173.0,14827520.0,0.0,0.0,1448.0,1500.0,1448.0,536.0,241530000000.0,0.0,9160000000.0,15545728.0,0.0,272138240.0,17179869184.0,0.0,89477120.0,993918976.0,16232087552.0,0.0,0.0,0.0,386.0,572342272.0,0,4e-05,19473,0.0,0.0,13834.0,0.71042,454103348.0,7648572.0,454103346.0,0.0,0.0,0.0,0.0,0.0,1412047.0,0.0,,0.0,0.0,cubic,,0.0,0.0,0.0,0.0,0.0,0.0,0.0,0.0,0.0,"timestamps, SACK",854400000.0,3417600000.0
1762859596.992,100.100.103.205:48274->100.100.103.201:5001,ESTAB,0.471,0.257,0.025,0.0,5567.0,4173.0,14827520.0,0.0,0.0,1448.0,1500.0,1448.0,536.0,136919999999.99998,0.0,2810000000.0,16250904.0,0.0,0.0,17179869184.0,0.0,89477120.0,237568.0,16969916416.0,0.0,0.0,0.0,5567.0,8254480384.0,0,4e-05,19492,0.0,0.0,13853.0,0.7106999999999999,454698708.0,7658086.0,454698706.0,0.0,0.0,0.0,0.0,27.0,1414088.0,36.0,,0.0,0.0,cubic,,0.0,0.0,0.0,0.0,0.0,0.0,0.0,0.0,0.0,"timestamps, SACK",1507198976.0,6028795904.0
1762859599.057,100.100.103.205:48274->100.100.103.201:5001,ESTAB,0.229,0.009,0.025,0.0,5567.0,4173.0,14827520.0,0.0,0.0,1448.0,1500.0,1448.0,536.0,281610000000.0,0.0,9490000000.0,15832432.0,0.0,272138240.0,17179869184.0,0.0,89477120.0,686702592.0,16530915328.0,0.0,0.0,0.0,2654.0,3935223808.0,0,4e-05,19512,0.0,0.0,13873.0,0.711,455335247.0,7668766.0,455335245.0,0.0,0.0,0.0,0.0,0.0,1416152.0,2.0,,0.0,0.0,cubic,,0.0,0.0,0.0,0.0,0.0,0.0,0.0,0.0,0.0,"timestamps, SACK",732800000.0,2931200000.0
1762859601.146,100.100.103.205:48274->100.100.103.201:5001,ESTAB,5.386,10.268,0.025,0.0,5568.0,4173.0,14827520.0,0.0,0.0,1448.0,1500.0,1448.0,536.0,11980000000.0,14370000000.0,1570000000.0,16495616.0,0.0,0.0,17179869184.0,0.0,89477120.0,4456448.0,17225744384.0,0.0,0.0,0.0,2068.0,3066331136.0,0,4e-05,19532,0.0,0.0,13893.0,0.7112900000000001,455923877.0,7678375.0,455923875.0,0.0,0.0,0.0,0.0,3.0,1418197.0,5.0,,0.0,0.0,cubic,,0.0,0.0,0.0,0.0,0.0,0.0,0.0,0.0,0.0,"timestamps, SACK",17235200000.0,68940800000.0
1762859603.188,100.100.103.205:48274->100.100.103.201:5001,ESTAB,0.386,0.082,0.025,0.0,3943.0,3898.0,14827520.0,0.0,0.0,1448.0,1500.0,1448.0,536.0,118330000000.0,0.0,11260000000.0,15078024.0,0.0,0.0,17179869184.0,0.0,89477120.0,122880.0,15745294336.0,0.0,0.0,0.0,3943.0,5846491136.0,0,4e-05,19561,0.0,0.0,13913.0,0.71126,456531598.0,7688648.0,456531596.0,0.0,0.0,0.0,0.0,19.0,1420284.0,28.0,,0.0,0.0,cubic,,0.0,0.0,0.0,0.0,0.0,0.0,0.0,0.0,0.0,"timestamps, SACK",1235200000.0,4940800000.0
1762859605.25,100.100.103.205:48274->100.100.103.201:5001,ESTAB,5.498,10.075,0.025,0.0,5568.0,4176.0,14827520.0,0.0,0.0,1448.0,1500.0,1448.0,536.0,11730000000.0,14080000000.0,1600000000.0,16499960.0,0.0,0.0,17179869184.0,0.0,89477120.0,2891776.0,17231503360.0,0.0,0.0,0.0,2068.0,3066331136.0,0,4e-05,19581,0.0,0.0,13932.0,0.71151,457121278.0,7698455.0,457121276.0,0.0,0.0,0.0,0.0,18.0,1422327.0,34.0,,0.0,0.0,cubic,,0.0,0.0,0.0,0.0,0.0,0.0,0.0,0.0,0.0,"timestamps, SACK",17593600000.0,70374400000.0
1762859607.291,100.100.103.205:48274->100.100.103.201:5001,ESTAB,0.328,0.029,0.025,0.0,4097.0,3898.0,14827520.0,0.0,0.0,1448.0,1500.0,1448.0,536.0,144690000000.0,0.0,10910000000.0,15419752.0,0.0,0.0,17179869184.0,0.0,89477120.0,155648.0,16101777408.0,0.0,0.0,0.0,4097.0,6074834944.0,0,4e-05,19617,0.0,0.0,13950.0,0.71112,457730034.0,7708610.0,457730032.0,0.0,0.0,0.0,0.0,28.0,1424387.0,35.0,,0.0,0.0,cubic,,0.0,0.0,0.0,0.0,0.0,0.0,0.0,0.0,0.0,"timestamps, SACK",1049600000.0,4198400000.0
1762859609.357,100.100.103.205:48274->100.100.103.201:5001,ESTAB,0.274,0.017,0.025,0.0,5568.0,4176.0,14827520.0,0.0,0.0,1448.0,1500.0,1448.0,536.0,235400000000.0,0.0,10250000000.0,13056616.0,0.0,272138240.0,17179869184.0,0.0,89477120.0,1453481984.0,13633429504.0,0.0,0.0,0.0,287.0,425549824.0,0,4e-05,19636,0.0,0.0,13969.0,0.7114,458349526.0,7717868.0,458349524.0,0.0,0.0,0.0,0.0,0.0,1426450.0,0.0,,0.0,0.0,cubic,,0.0,0.0,0.0,0.0,0.0,0.0,0.0,0.0,0.0,"timestamps, SACK",876800000.0,3507200000.0
1762859611.445,100.100.103.205:48274->100.100.103.201:5001,ESTAB,0.303,0.058,0.025,0.0,5568.0,4176.0,14827520.0,0.0,0.0,1448.0,1500.0,1448.0,536.0,212870000000.0,0.0,10420000000.0,12502032.0,0.0,0.0,17179869184.0,0.0,89477120.0,1818624.0,13055049728.0,0.0,0.0,0.0,5568.0,8255963136.0,0,4e-05,19656,0.0,0.0,13989.0,0.7116899999999999,458930602.0,7727298.0,458930600.0,0.0,0.0,0.0,0.0,32.0,1428493.0,40.0,,0.0,0.0,cubic,,0.0,0.0,0.0,0.0,0.0,0.0,0.0,0.0,0.0,"timestamps, SACK",969600000.0,3878400000.0
1762859613.49,100.100.103.205:48274->100.100.103.201:5001,ESTAB,0.225,0.024,0.025,0.0,5568.0,4176.0,14827520.0,0.0,0.0,1448.0,1500.0,1448.0,536.0,286670000000.0,0.0,8880000000.0,14791320.0,0.0,0.0,17179869184.0,0.0,89477120.0,2465792.0,15445155840.0,0.0,0.0,0.0,5568.0,8255963136.0,0,4e-05,19677,0.0,0.0,14010.0,0.7120000000000001,459555240.0,7737260.0,459555238.0,0.0,0.0,0.0,0.0,26.0,1430586.0,35.0,,0.0,0.0,cubic,,0.0,0.0,0.0,0.0,0.0,0.0,0.0,0.0,0.0,"timestamps, SACK",720000000.0,2880000000.0
1762859615.551,100.100.103.205:48274->100.100.103.201:5001,ESTAB,0.279,0.065,0.025,0.0,3943.0,3898.0,14827520.0,0.0,0.0,1448.0,1500.0,1448.0,536.0,163710000000.0,0.0,11860000000.0,14154200.0,0.0,272138240.0,17179869184.0,0.0,89477120.0,1389404160.0,14779637760.0,0.0,0.0,0.0,280.0,415170560.0,0,4e-05,19710,0.0,0.0,14030.0,0.71182,460137441.0,7746754.0,460137439.0,0.0,0.0,0.0,0.0,0.0,1432647.0,0.0,,0.0,0.0,cubic,,0.0,0.0,0.0,0.0,0.0,0.0,0.0,0.0,0.0,"timestamps, SACK",892800000.0,3571200000.0
1762859617.594,100.100.103.205:48274->100.100.103.201:5001,ESTAB,0.186,0.018,0.025,0.0,5568.0,4176.0,14827520.0,0.0,0.0,1448.0,1500.0,1448.0,536.0,346770000000.0,0.0,14060000000.0,14390224.0,0.0,0.0,17179869184.0,0.0,89477120.0,1622016.0,15026569216.0,0.0,0.0,0.0,5568.0,8255963136.0,0,4e-05,19730,0.0,0.0,14050.0,0.71211,460736611.0,7756136.0,460736609.0,0.0,0.0,0.0,0.0,30.0,1434689.0,39.0,,0.0,0.0,cubic,,0.0,0.0,0.0,0.0,0.0,0.0,0.0,0.0,0.0,"timestamps, SACK",595200000.0,2380800000.0
1762859619.657,100.100.103.205:48274->100.100.103.201:5001,ESTAB,0.351,0.074,0.025,0.0,3952.0,3898.0,14827520.0,0.0,0.0,1448.0,1500.0,1448.0,536.0,130430000000.0,0.0,11280000000.0,4594504.0,0.0,272138240.0,17179869184.0,0.0,89477120.0,1699143680.0,4797833216.0,0.0,0.0,0.0,383.0,567894016.0,0,4e-05,19762,0.0,0.0,14070.0,0.71197,461375626.0,7766629.0,461375624.0,0.0,0.0,0.0,0.0,0.0,1436752.0,0.0,,0.0,0.0,cubic,,0.0,0.0,0.0,0.0,0.0,0.0,0.0,0.0,0.0,"timestamps, SACK",1123200000.0,4492800000.0
1762859621.751,100.100.103.205:48274->100.100.103.201:5001,ESTAB,0.241,0.015,0.025,0.0,5568.0,4176.0,14827520.0,0.0,0.0,1448.0,1500.0,1448.0,536.0,267630000000.0,0.0,12050000000.0,9724200.0,0.0,272138240.0,17179869184.0,0.0,89477120.0,29581312.0,10154188800.0,0.0,0.0,0.0,248.0,367722496.0,0,4e-05,19782,0.0,0.0,14090.0,0.71226,461962241.0,7775963.0,461962239.0,0.0,0.0,0.0,0.0,0.0,1438846.0,0.0,,0.0,0.0,cubic,,0.0,0.0,0.0,0.0,0.0,0.0,0.0,0.0,0.0,"timestamps, SACK",771200000.0,3084800000.0
1762859623.85,100.100.103.205:48274->100.100.103.201:5001,ESTAB,0.274,0.043,0.025,0.0,5568.0,4176.0,14827520.0,0.0,0.0,1448.0,1500.0,1448.0,536.0,235400000000.0,0.0,9190000000.0,10773120.0,0.0,272138240.0,17179869184.0,0.0,89477120.0,1685979136.0,11249254400.0,0.0,0.0,0.0,285.0,422584320.0,0,4e-05,19802,0.0,0.0,14110.0,0.7125499999999999,462563709.0,7785725.0,462563707.0,0.0,0.0,0.0,0.0,0.0,1440947.0,0.0,,0.0,0.0,cubic,,0.0,0.0,0.0,0.0,0.0,0.0,0.0,0.0,0.0,"timestamps, SACK",876800000.0,3507200000.0
1762859625.944,100.100.103.205:48274->100.100.103.201:5001,ESTAB,0.233,0.031,0.025,0.0,5568.0,4176.0,14827520.0,0.0,0.0,1448.0,1500.0,1448.0,536.0,276820000000.0,0.0,8470000000.000001,12441216.0,0.0,0.0,17179869184.0,0.0,89477120.0,2490368.0,12991463424.0,0.0,0.0,0.0,5568.0,8255963136.0,0,4e-05,19822,0.0,0.0,14130.0,0.71284,463182446.0,7795863.0,463182444.0,0.0,0.0,0.0,0.0,28.0,1442988.0,38.0,,0.0,0.0,cubic,,0.0,0.0,0.0,0.0,0.0,0.0,0.0,0.0,0.0,"timestamps, SACK",745600000.0,2982400000.0
1762859628.047,100.100.103.205:48274->100.100.103.201:5001,ESTAB,0.303,0.022,0.025,0.0,5568.0,4176.0,14827520.0,0.0,0.0,1448.0,1500.0,1448.0,536.0,212870000000.0,0.0,11880000000.0,14791320.0,0.0,0.0,17179869184.0,0.0,89477120.0,2465792.0,15445155840.0,0.0,0.0,0.0,5568.0,8255963136.0,0,4e-05,19843,0.0,0.0,14151.0,0.71315,463812621.0,7806576.0,463812619.0,0.0,0.0,0.0,0.0,19.0,1445084.0,30.0,,0.0,0.0,cubic,,0.0,0.0,0.0,0.0,0.0,0.0,0.0,0.0,0.0,"timestamps, SACK",969600000.0,3878400000.0
1762859630.153,100.100.103.205:48274->100.100.103.201:5001,ESTAB,0.359,0.043,0.025,0.0,5568.0,4176.0,14827520.0,0.0,0.0,1448.0,1500.0,1448.0,536.0,179660000000.0,0.0,9710000000.0,13207208.0,0.0,272138240.0,17179869184.0,0.0,89477120.0,614400.0,13790257152.0,0.0,0.0,0.0,339.0,502652928.0,0,4e-05,19864,0.0,0.0,14172.0,0.71345,464427281.0,7816036.0,464427279.0,0.0,0.0,0.0,0.0,0.0,1447247.0,0.0,,0.0,0.0,cubic,,0.0,0.0,0.0,0.0,0.0,0.0,0.0,0.0,0.0,"timestamps, SACK",1148800000.0,4595200000.0
1762859632.247,100.100.103.205:48274->100.100.103.201:5001,ESTAB,5.337,10.174,0.025,0.0,5569.0,4176.0,14827520.0,0.0,0.0,1448.0,1500.0,1448.0,536.0,12090000000.0,14500000000.0,1590000000.0,14944808.0,0.0,0.0,17179869184.0,0.0,89477120.0,37183488.0,15607570432.0,0.0,0.0,0.0,2067.0,3064848384.0,0,4e-05,19884,0.0,0.0,14192.0,0.7137399999999999,465002900.0,7824888.0,465002898.0,0.0,0.0,0.0,0.0,2.0,1449296.0,4.0,,0.0,0.0,cubic,,0.0,0.0,0.0,0.0,0.0,0.0,0.0,0.0,0.0,"timestamps, SACK",17078400000.0,68313600000.0
1762859634.288,100.100.103.205:48274->100.100.103.201:5001,ESTAB,0.322,0.052,0.025,0.0,5569.0,4176.0,14827520.0,0.0,0.0,1448.0,1500.0,1448.0,536.0,200350000000.0,0.0,14540000000.0,12208088.0,0.0,0.0,17179869184.0,0.0,89477120.0,1875968.0,12748808192.0,0.0,0.0,0.0,5569.0,8257445888.0,0,4e-05,19904,0.0,0.0,14212.0,0.71403,465613719.0,7834421.0,465613717.0,0.0,0.0,0.0,0.0,24.0,1451385.0,33.0,,0.0,0.0,cubic,,0.0,0.0,0.0,0.0,0.0,0.0,0.0,0.0,0.0,"timestamps, SACK",1030400000.0,4121600000.0
1762859636.358,100.100.103.205:48274->100.100.103.201:5001,ESTAB,0.262,0.036,0.025,0.0,5569.0,4176.0,14827520.0,0.0,0.0,1448.0,1500.0,1448.0,536.0,246230000000.0,0.0,9550000000.0,10415464.0,0.0,272138240.0,17179869184.0,0.0,89477120.0,2039111680.0,10875150336.0,0.0,0.0,0.0,173.0,256516096.0,0,4e-05,19924,0.0,0.0,14232.0,0.71431,466246490.0,7844000.0,466246488.0,0.0,0.0,0.0,0.0,1.0,1453452.0,1.0,,0.0,0.0,cubic,,0.0,0.0,0.0,0.0,0.0,0.0,0.0,0.0,0.0,"timestamps, SACK",838400000.0,3353600000.0
1762859638.446,100.100.103.205:48274->100.100.103.201:5001,ESTAB,5.271,10.133,0.025,0.0,5569.0,4176.0,14827520.0,0.0,0.0,1448.0,1500.0,1448.0,536.0,12240000000.0,14690000000.0,1600000000.0,16501408.0,0.0,0.0,17179869184.0,0.0,89477120.0,6914048.0,17231675392.0,0.0,0.0,0.0,2067.0,3064848384.0,0,4e-05,19944,0.0,0.0,14252.0,0.7145999999999999,466825174.0,7853028.0,466825172.0,0.0,0.0,0.0,0.0,2.0,1455496.0,4.0,,0.0,0.0,cubic,,0.0,0.0,0.0,0.0,0.0,0.0,0.0,0.0,0.0,"timestamps, SACK",16867198976.0,67468795904.0
1762859640.489,100.100.103.205:48274->100.100.103.201:5001,ESTAB,0.344,0.057,0.025,0.0,5569.0,4176.0,14827520.0,0.0,0.0,1448.0,1500.0,1448.0,536.0,187530000000.0,0.0,10990000000.0,12257320.0,0.0,0.0,17179869184.0,0.0,89477120.0,483328.0,12800532480.0,0.0,0.0,0.0,5569.0,8257445888.0,0,4e-05,19965,0.0,0.0,14273.0,0.7149,467438344.0,7862495.0,467438342.0,0.0,0.0,0.0,0.0,24.0,1457585.0,34.0,,0.0,0.0,cubic,,0.0,0.0,0.0,0.0,0.0,0.0,0.0,0.0,0.0,"timestamps, SACK",1100798976.0,4403195904.0
1762859642.555,100.100.103.205:48274->100.100.103.201:5001,ESTAB,0.279,0.034,0.025,0.0,5570.0,4176.0,14827520.0,0.0,0.0,1448.0,1500.0,1448.0,536.0,231260000000.0,0.0,9770000000.0,14726160.0,0.0,272138240.0,17179869184.0,0.0,89477120.0,1854390272.0,15375810560.0,0.0,0.0,0.0,270.0,400343040.0,0,4e-05,19985,0.0,0.0,14293.0,0.7151900000000001,468040922.0,7871742.0,468040920.0,0.0,0.0,0.0,0.0,0.0,1459649.0,0.0,,0.0,0.0,cubic,,0.0,0.0,0.0,0.0,0.0,0.0,0.0,0.0,0.0,"timestamps, SACK",892800000.0,3571200000.0
1762859644.641,100.100.103.205:48274->100.100.103.201:5001,ESTAB,5.315,10.175,0.025,0.0,5570.0,4176.0,14827520.0,0.0,0.0,1448.0,1500.0,1448.0,536.0,12140000000.0,14570000000.0,1590000000.0,16511544.0,0.0,0.0,17179869184.0,0.0,89477120.0,13312000.0,17242054656.0,0.0,0.0,0.0,2036.0,3018883072.0,0,4e-05,20005,0.0,0.0,14313.0,0.7154699999999999,468624024.0,7881400.0,468624022.0,0.0,0.0,0.0,0.0,2.0,1461694.0,4.0,,0.0,0.0,cubic,,0.0,0.0,0.0,0.0,0.0,0.0,0.0,0.0,0.0,"timestamps, SACK",17008000000.0,68032000000.0
1762859646.75,100.100.103.205:48274->100.100.103.201:5001,ESTAB,0.24,0.015,0.025,0.0,5570.0,4176.0,14827520.0,0.0,0.0,1448.0,1500.0,1448.0,536.0,268850000000.00003,0.0,13760000000.0,15066440.0,0.0,272138240.0,17179869184.0,0.0,89477120.0,1495580672.0,15751397376.0,0.0,0.0,0.0,235.0,348446720.0,0,4e-05,20027,0.0,0.0,14335.0,0.7157800000000001,469288447.0,7892731.0,469288445.0,0.0,0.0,0.0,0.0,0.0,1463845.0,0.0,,0.0,0.0,cubic,,0.0,0.0,0.0,0.0,0.0,0.0,0.0,0.0,0.0,"timestamps, SACK",767998976.0,3071995904.0
1762859648.849,100.100.103.205:48274->100.100.103.201:5001,ESTAB,0.271,0.021,0.025,0.0,5570.0,4176.0,14827520.0,0.0,0.0,1448.0,1500.0,1448.0,536.0,238090000000.0,0.0,13640000000.0,15703560.0,0.0,272138240.0,17179869184.0,0.0,89477120.0,817094656.0,16396328960.0,0.0,0.0,0.0,270.0,400343040.0,0,4e-05,20047,0.0,0.0,14355.0,0.71607,469910684.0,7902893.0,469910682.0,0.0,0.0,0.0,0.0,0.0,1465944.0,0.0,,0.0,0.0,cubic,,0.0,0.0,0.0,0.0,0.0,0.0,0.0,0.0,0.0,"timestamps, SACK",867200000.0,3468800000.0
1762859650.89,100.100.103.205:48274->100.100.103.201:5001,ESTAB,0.249,0.022,0.025,0.0,5571.0,4176.0,14827520.0,0.0,0.0,1448.0,1500.0,1448.0,536.0,259170000000.00003,0.0,11540000000.0,13292640.0,0.0,0.0,17179869184.0,0.0,89477120.0,2785280.0,13880360960.0,0.0,0.0,0.0,5571.0,8260411392.0,0,4e-05,20067,0.0,0.0,14375.0,0.71635,470496752.0,7912573.0,470496750.0,0.0,0.0,0.0,0.0,24.0,1467986.0,33.0,,0.0,0.0,cubic,,0.0,0.0,0.0,0.0,0.0,0.0,0.0,0.0,0.0,"timestamps, SACK",796798976.0,3187195904.0
1762859652.958,100.100.103.205:48274->100.100.103.201:5001,ESTAB,0.276,0.015,0.025,0.0,5571.0,4177.0,14827520.0,0.0,0.0,1448.0,1500.0,1448.0,536.0,233820000000.0,0.0,11500000000.0,9549560.0,0.0,272138240.0,17179869184.0,0.0,89477120.0,1877483520.0,9971425280.0,0.0,0.0,0.0,295.0,437411840.0,0,4e-05,20102,0.0,0.0,14394.0,0.7160500000000001,471094461.0,7922430.0,471094459.0,0.0,0.0,0.0,0.0,0.0,1470052.0,0.0,,0.0,0.0,cubic,,0.0,0.0,0.0,0.0,0.0,0.0,0.0,0.0,0.0,"timestamps, SACK",883200000.0,3532800000.0
1762859655.044,100.100.103.205:48274->100.100.103.201:5001,ESTAB,0.285,0.037,0.025,0.0,5571.0,4177.0,14827520.0,0.0,0.0,1448.0,1500.0,1448.0,536.0,226440000000.0,0.0,7000000000.0,14006504.0,0.0,0.0,17179869184.0,0.0,89477120.0,3956736.0,14625775616.0,0.0,0.0,0.0,5571.0,8260411392.0,0,4e-05,20122,0.0,0.0,14414.0,0.7163299999999999,471681921.0,7932406.0,471681919.0,0.0,0.0,0.0,0.0,30.0,1472095.0,40.0,,0.0,0.0,cubic,,0.0,0.0,0.0,0.0,0.0,0.0,0.0,0.0,0.0,"timestamps, SACK",912000000.0,3648000000.0
1762859657.088,100.100.103.205:48274->100.100.103.201:5001,ESTAB,0.216,0.021,0.025,0.0,3980.0,3900.0,14827520.0,0.0,0.0,1448.0,1500.0,1448.0,536.0,213450000000.0,0.0,9550000000.0,11004800.0,0.0,0.0,17179869184.0,0.0,89477120.0,655360.0,11491737600.0,0.0,0.0,0.0,3980.0,5901352960.0,0,5e-05,22068,0.0,0.0,14435.0,0.65411,472295772.0,7942492.0,472295770.0,0.0,0.0,0.0,0.0,25.0,1474184.0,34.0,,0.0,0.0,cubic,,0.0,0.0,0.0,0.0,0.0,0.0,0.0,0.0,0.0,"timestamps, SACK",691200000.0,2764800000.0
1762859659.158,100.100.103.205:48274->100.100.103.201:5001,ESTAB,0.279,0.056,0.025,0.0,4258.0,3900.0,14827520.0,0.0,0.0,1448.0,1500.0,1448.0,536.0,176790000000.0,0.0,13860000000.0,12698960.0,0.0,272138240.0,17179869184.0,0.0,89477120.0,1810808832.0,13259325440.0,0.0,0.0,0.0,220.0,326205440.0,0,5e-05,22089,0.0,0.0,14456.0,0.65444,472941476.0,7953308.0,472941474.0,0.0,0.0,0.0,0.0,0.0,1476252.0,0.0,,0.0,0.0,cubic,,0.0,0.0,0.0,0.0,0.0,0.0,0.0,0.0,0.0,"timestamps, SACK",892800000.0,3571200000.0
1762859661.249,100.100.103.205:48274->100.100.103.201:5001,ESTAB,0.199,0.041,0.025,0.0,4495.0,3900.0,14827520.0,0.0,0.0,1448.0,1500.0,1448.0,536.0,261660000000.00003,0.0,11820000000.0,14236736.0,0.0,272138240.0,17179869184.0,0.0,89477120.0,1299382272.0,14865465344.0,0.0,0.0,0.0,202.0,299515904.0,0,5e-05,22110,0.0,0.0,14477.0,0.6547700000000001,473544885.0,7963354.0,473544883.0,0.0,0.0,0.0,0.0,0.0,1478345.0,0.0,,0.0,0.0,cubic,,0.0,0.0,0.0,0.0,0.0,0.0,0.0,0.0,0.0,"timestamps, SACK",636800000.0,2547200000.0
1762859663.35,100.100.103.205:48274->100.100.103.201:5001,ESTAB,0.298,0.042,0.025,0.0,4703.0,3900.0,14827520.0,0.0,0.0,1448.0,1500.0,1448.0,536.0,182820000000.0,0.0,10380000000.0,14688512.0,0.0,272138240.0,17179869184.0,0.0,89477120.0,1876164608.0,15337259008.0,0.0,0.0,0.0,199.0,295067648.0,0,5e-05,22131,0.0,0.0,14498.0,0.6551,474180103.0,7973753.0,474180101.0,0.0,0.0,0.0,0.0,0.0,1480446.0,0.0,,0.0,0.0,cubic,,0.0,0.0,0.0,0.0,0.0,0.0,0.0,0.0,0.0,"timestamps, SACK",953598976.0,3814395904.0
1762859665.453,100.100.103.205:48274->100.100.103.201:5001,ESTAB,0.299,0.058,0.025,0.0,4898.0,3900.0,14827520.0,0.0,0.0,1448.0,1500.0,1448.0,536.0,189760000000.0,0.0,7260000000.0,11986544.0,0.0,272138240.0,17179869184.0,0.0,89477120.0,1476804608.0,12515393536.0,0.0,0.0,0.0,223.0,330653696.0,0,5e-05,22151,0.0,0.0,14518.0,0.6554099999999999,474808250.0,7983843.0,474808248.0,0.0,0.0,0.0,0.0,0.0,1482547.0,0.0,,0.0,0.0,cubic,,0.0,0.0,0.0,0.0,0.0,0.0,0.0,0.0,0.0,"timestamps, SACK",956800000.0,3827200000.0
1762859667.541,100.100.103.205:48274->100.100.103.201:5001,ESTAB,0.24,0.017,0.025,0.0,3581.0,3468.0,14827520.0,0.0,0.0,1448.0,1500.0,1448.0,536.0,172840000000.0,0.0,11630000000.0,16485480.0,0.0,0.0,17179869184.0,0.0,89477120.0,3563520.0,17214054400.0,0.0,0.0,0.0,3581.0,5309734912.0,0,5e-05,22190,0.0,0.0,14537.0,0.65511,475408230.0,7993874.0,475408228.0,0.0,0.0,0.0,0.0,32.0,1484590.0,39.0,,0.0,0.0,cubic,,0.0,0.0,0.0,0.0,0.0,0.0,0.0,0.0,0.0,"timestamps, SACK",767998976.0,3071995904.0
1762859669.583,100.100.103.205:48274->100.100.103.201:5001,ESTAB,0.213,0.068,0.025,0.0,4953.0,3900.0,14827520.0,0.0,0.0,1448.0,1500.0,1448.0,536.0,269370000000.0,0.0,8210000000.000001,13311464.0,0.0,0.0,17179869184.0,0.0,89477120.0,3170304.0,13900947456.0,0.0,0.0,0.0,4953.0,7344070656.0,0,5e-05,22210,0.0,0.0,14557.0,0.6554300000000001,476011956.0,8004265.0,476011954.0,0.0,0.0,0.0,0.0,19.0,1486679.0,29.0,,0.0,0.0,cubic,,0.0,0.0,0.0,0.0,0.0,0.0,0.0,0.0,0.0,"timestamps, SACK",681600000.0,2726400000.0
1762859671.652,100.100.103.205:48274->100.100.103.201:5001,ESTAB,5.26,10.081,0.025,0.0,4953.0,3900.0,14827520.0,0.0,0.0,1448.0,1500.0,1448.0,536.0,10910000000.0,13090000000.0,1420000000.0,16473896.0,0.0,0.0,17179869184.0,0.0,89477120.0,1531904.0,17203503104.0,0.0,0.0,0.0,2478.0,3674259456.0,0,5e-05,22231,0.0,0.0,14577.0,0.65571,476576545.0,8013527.0,476576543.0,0.0,0.0,0.0,0.0,11.0,1488721.0,27.0,,0.0,0.0,cubic,,0.0,0.0,0.0,0.0,0.0,0.0,0.0,0.0,0.0,"timestamps, SACK",16832000000.0,67328000000.0
1762859673.746,100.100.103.205:48274->100.100.103.201:5001,ESTAB,0.271,0.022,0.025,0.0,4953.0,3900.0,14827520.0,0.0,0.0,1448.0,1500.0,1448.0,536.0,211720000000.0,0.0,11840000000.0,13033448.0,0.0,0.0,17179869184.0,0.0,89477120.0,3694592.0,13611016192.0,0.0,0.0,0.0,4953.0,7344070656.0,0,5e-05,22251,0.0,0.0,14598.0,0.65606,477177915.0,8023462.0,477177913.0,0.0,0.0,0.0,0.0,31.0,1490790.0,40.0,,0.0,0.0,cubic,,0.0,0.0,0.0,0.0,0.0,0.0,0.0,0.0,0.0,"timestamps, SACK",867200000.0,3468800000.0
1762859675.846,100.100.103.205:48274->100.100.103.201:5001,ESTAB,0.241,0.021,0.025,0.0,4953.0,3900.0,14827520.0,0.0,0.0,1448.0,1500.0,1448.0,536.0,238070000000.0,0.0,11210000000.0,16476792.0,0.0,0.0,17179869184.0,0.0,89477120.0,2760704.0,17206468608.0,0.0,0.0,0.0,4954.0,7345553408.0,0,5e-05,22272,0.0,0.0,14619.0,0.6563800000000001,477813477.0,8034247.0,477813475.0,0.0,0.0,0.0,0.0,17.0,1492885.0,31.0,,0.0,0.0,cubic,,0.0,0.0,0.0,0.0,0.0,0.0,0.0,0.0,0.0,"timestamps, SACK",771200000.0,3084800000.0
1762859677.887,100.100.103.205:48274->100.100.103.201:5001,ESTAB,0.163,0.016,0.025,0.0,4953.0,3900.0,14827520.0,0.0,0.0,1448.0,1500.0,1448.0,536.0,352000000000.0,0.0,21740000000.0,11207520.0,0.0,0.0,17179869184.0,0.0,89477120.0,3047424.0,11703255040.0,0.0,0.0,0.0,4953.0,7344070656.0,0,5e-05,22293,0.0,0.0,14640.0,0.65671,478440148.0,8044820.0,478440146.0,0.0,0.0,0.0,0.0,27.0,1494984.0,33.0,,0.0,0.0,cubic,,0.0,0.0,0.0,0.0,0.0,0.0,0.0,0.0,0.0,"timestamps, SACK",521600000.0,2086400000.0
1762859679.955,100.100.103.205:48274->100.100.103.201:5001,ESTAB,0.32,0.04,0.025,0.0,4954.0,3900.0,14827520.0,0.0,0.0,1448.0,1500.0,1448.0,536.0,179330000000.0,0.0,13220000000.0,16303032.0,0.0,272138240.0,17179869184.0,0.0,89477120.0,33628160.0,17024606208.0,0.0,0.0,0.0,414.0,613859328.0,0,5e-05,22313,0.0,0.0,14660.0,0.6570199999999999,479078108.0,8055561.0,479078106.0,0.0,0.0,0.0,0.0,0.0,1497051.0,0.0,,0.0,0.0,cubic,,0.0,0.0,0.0,0.0,0.0,0.0,0.0,0.0,0.0,"timestamps, SACK",1024000000.0,4096000000.0
1762859682.048,100.100.103.205:48274->100.100.103.201:5001,ESTAB,0.294,0.044,0.025,0.0,4954.0,3900.0,14827520.0,0.0,0.0,1448.0,1500.0,1448.0,536.0,195190000000.0,0.0,11270000000.0,16282760.0,0.0,272138240.0,17179869184.0,0.0,89477120.0,224780288.0,17001226240.0,0.0,0.0,0.0,400.0,593100800.0,0,5e-05,22334,0.0,0.0,14681.0,0.6573399999999999,479698666.0,8065799.0,479698664.0,0.0,0.0,0.0,0.0,0.0,1499144.0,0.0,,0.0,0.0,cubic,,0.0,0.0,0.0,0.0,0.0,0.0,0.0,0.0,0.0,"timestamps, SACK",940800000.0,3763200000.0
1762859684.089,100.100.103.205:48274->100.100.103.201:5001,ESTAB,0.326,0.055,0.025,0.0,4954.0,3900.0,14827520.0,0.0,0.0,1448.0,1500.0,1448.0,536.0,176030000000.0,0.0,11390000000.0,14498824.0,0.0,0.0,17179869184.0,0.0,89477120.0,1040384.0,15140397056.0,0.0,0.0,0.0,4954.0,7345553408.0,0,5e-05,22353,0.0,0.0,14700.0,0.65763,480323558.0,8076411.0,480323556.0,0.0,0.0,0.0,0.0,25.0,1501186.0,34.0,,0.0,0.0,cubic,,0.0,0.0,0.0,0.0,0.0,0.0,0.0,0.0,0.0,"timestamps, SACK",1043200000.0,4172800000.0
1762859686.149,100.100.103.205:48274->100.100.103.201:5001,ESTAB,0.29,0.049,0.025,0.0,4954.0,3900.0,14827520.0,0.0,0.0,1448.0,1500.0,1448.0,536.0,197890000000.0,0.0,12710000000.0,11779480.0,0.0,272138240.0,17179869184.0,0.0,89477120.0,1717936128.0,12299427840.0,0.0,0.0,0.0,215.0,318791680.0,0,5e-05,22373,0.0,0.0,14720.0,0.65794,480951442.0,8086769.0,480951440.0,0.0,0.0,0.0,0.0,0.0,1503245.0,0.0,,0.0,0.0,cubic,,0.0,0.0,0.0,0.0,0.0,0.0,0.0,0.0,0.0,"timestamps, SACK",928000000.0,3712000000.0
1762859688.251,100.100.103.205:48274->100.100.103.201:5001,ESTAB,0.239,0.03,0.025,0.0,4955.0,3900.0,14827520.0,0.0,0.0,1448.0,1500.0,1448.0,536.0,240160000000.0,0.0,9600000000.0,13611200.0,0.0,204104704.0,17179869184.0,0.0,89477120.0,1911095296.0,14211809280.0,0.0,0.0,0.0,175.0,259481600.0,0,5e-05,22394,0.0,0.0,14741.0,0.65826,481564116.0,8097142.0,481564114.0,0.0,0.0,0.0,0.0,0.0,1505347.0,0.0,,0.0,0.0,cubic,,0.0,0.0,0.0,0.0,0.0,0.0,0.0,0.0,0.0,"timestamps, SACK",764800000.0,3059200000.0
1762859690.362,100.100.103.205:48274->100.100.103.201:5001,ESTAB,0.347,0.055,0.025,0.0,4955.0,3900.0,14827520.0,0.0,0.0,1448.0,1500.0,1448.0,536.0,165410000000.0,0.0,8300000000.000001,15573240.0,0.0,272138240.0,17179869184.0,0.0,89477120.0,953163776.0,16260259840.0,0.0,0.0,0.0,360.0,533790720.0,0,5e-05,22414,0.0,0.0,14761.0,0.6585599999999999,482210272.0,8107697.0,482210270.0,0.0,0.0,0.0,0.0,0.0,1507457.0,0.0,,0.0,0.0,cubic,,0.0,0.0,0.0,0.0,0.0,0.0,0.0,0.0,0.0,"timestamps, SACK",1110400000.0,4441600000.0
1762859692.457,100.100.103.205:48274->100.100.103.201:5001,ESTAB,0.267,0.032,0.025,0.0,4955.0,3900.0,14827520.0,0.0,0.0,1448.0,1500.0,1448.0,536.0,214980000000.0,0.0,11200000000.0,15145064.0,0.0,272138240.0,17179869184.0,0.0,89477120.0,39215104.0,15815254016.0,0.0,0.0,0.0,219.0,324722688.0,0,5e-05,22434,0.0,0.0,14781.0,0.65887,482800577.0,8117532.0,482800575.0,0.0,0.0,0.0,0.0,0.0,1509550.0,0.0,,0.0,0.0,cubic,,0.0,0.0,0.0,0.0,0.0,0.0,0.0,0.0,0.0,"timestamps, SACK",854400000.0,3417600000.0
1762859694.541,100.100.103.205:48274->100.100.103.201:5001,ESTAB,0.288,0.028,0.025,0.0,4955.0,3900.0,14827520.0,0.0,0.0,1448.0,1500.0,1448.0,536.0,199300000000.0,0.0,16320000000.0,15442920.0,0.0,0.0,17179869184.0,0.0,89477120.0,1597440.0,16125501440.0,0.0,0.0,0.0,4955.0,7347036160.0,0,5e-05,22454,0.0,0.0,14801.0,0.65917,483421806.0,8127309.0,483421804.0,0.0,0.0,0.0,0.0,33.0,1511595.0,40.0,,0.0,0.0,cubic,,0.0,0.0,0.0,0.0,0.0,0.0,0.0,0.0,0.0,"timestamps, SACK",921598976.0,3686395904.0
1762859696.654,100.100.103.205:48274->100.100.103.201:5001,ESTAB,0.288,0.047,0.025,0.0,4955.0,3900.0,14827520.0,0.0,0.0,1448.0,1500.0,1448.0,536.0,199300000000.0,0.0,8090000000.0,15952616.0,0.0,272138240.0,17179869184.0,0.0,89477120.0,577789952.0,16656605184.0,0.0,0.0,0.0,217.0,321757184.0,0,5e-05,22475,0.0,0.0,14822.0,0.65949,484058713.0,8137700.0,484058711.0,0.0,0.0,0.0,0.0,0.0,1513748.0,0.0,,0.0,0.0,cubic,,0.0,0.0,0.0,0.0,0.0,0.0,0.0,0.0,0.0,"timestamps, SACK",921598976.0,3686395904.0
1762859698.754,100.100.103.205:48274->100.100.103.201:5001,ESTAB,0.305,0.08,0.025,0.0,4956.0,3900.0,14827520.0,0.0,0.0,1448.0,1500.0,1448.0,536.0,188230000000.0,0.0,8359999999.999999,15117120.0,0.0,272138240.0,17179869184.0,0.0,89477120.0,1412628480.0,15784017920.0,0.0,0.0,0.0,315.0,467066880.0,0,5e-05,22496,0.0,0.0,14843.0,0.6598099999999999,484683299.0,8148158.0,484683297.0,0.0,0.0,0.0,0.0,0.0,1515849.0,0.0,,0.0,0.0,cubic,,0.0,0.0,0.0,0.0,0.0,0.0,0.0,0.0,0.0,"timestamps, SACK",976000000.0,3904000000.0
1762859700.841,100.100.103.205:48274->100.100.103.201:5001,ESTAB,0.264,0.01,0.025,0.0,4956.0,3900.0,14827520.0,0.0,0.0,1448.0,1500.0,1448.0,536.0,217460000000.0,0.0,11670000000.0,14490136.0,0.0,0.0,17179869184.0,0.0,89477120.0,1548288.0,15131500544.0,0.0,0.0,0.0,4956.0,7348518912.0,0,5e-05,22515,0.0,0.0,14862.0,0.66009,485253884.0,8157853.0,485253882.0,0.0,0.0,0.0,0.0,29.0,1517890.0,37.0,,0.0,0.0,cubic,,0.0,0.0,0.0,0.0,0.0,0.0,0.0,0.0,0.0,"timestamps, SACK",844800000.0,3379200000.0
1762859702.884,100.100.103.205:48274->100.100.103.201:5001,ESTAB,0.223,0.016,0.025,0.0,4956.0,3900.0,14827520.0,0.0,0.0,1448.0,1500.0,1448.0,536.0,257450000000.0,0.0,14410000000.0,16476792.0,0.0,0.0,17179869184.0,0.0,89477120.0,4071424.0,17205157888.0,0.0,0.0,0.0,4956.0,7348518912.0,0,5e-05,22536,0.0,0.0,14883.0,0.6604099999999999,485849843.0,8167421.0,485849841.0,0.0,0.0,0.0,0.0,19.0,1519980.0,30.0,,0.0,0.0,cubic,,0.0,0.0,0.0,0.0,0.0,0.0,0.0,0.0,0.0,"timestamps, SACK",713600000.0,2854400000.0
1762859704.945,100.100.103.205:48274->100.100.103.201:5001,ESTAB,5.478,10.438,0.025,0.0,4956.0,3900.0,14827520.0,0.0,0.0,1448.0,1500.0,1448.0,536.0,10480000000.0,12580000000.0,1380000000.0,16511544.0,0.0,0.0,17179869184.0,0.0,89477120.0,3612672.0,17243365376.0,0.0,0.0,0.0,2477.0,3672776704.0,0,5e-05,22556,0.0,0.0,14902.0,0.66067,486434992.0,8176784.0,486434990.0,0.0,0.0,0.0,0.0,13.0,1522022.0,29.0,,0.0,0.0,cubic,,0.0,0.0,0.0,0.0,0.0,0.0,0.0,0.0,0.0,"timestamps, SACK",17529598976.0,70118395904.0
1762859706.986,100.100.103.205:48274->100.100.103.201:5001,ESTAB,0.304,0.027,0.025,0.0,4956.0,3900.0,14827520.0,0.0,0.0,1448.0,1500.0,1448.0,536.0,188850000000.0,0.0,7510000000.0,12445560.0,0.0,0.0,17179869184.0,0.0,89477120.0,2236416.0,12995911680.0,0.0,0.0,0.0,4956.0,7348518912.0,0,5e-05,22576,0.0,0.0,14923.0,0.66101,487048723.0,8187102.0,487048721.0,0.0,0.0,0.0,0.0,21.0,1524082.0,31.0,,0.0,0.0,cubic,,0.0,0.0,0.0,0.0,0.0,0.0,0.0,0.0,0.0,"timestamps, SACK",972800000.0,3891200000.0
1762859709.05,100.100.103.205:48274->100.100.103.201:5001,ESTAB,0.294,0.029,0.025,0.0,4957.0,3900.0,14827520.0,0.0,0.0,1448.0,1500.0,1448.0,536.0,195310000000.0,0.0,12010000000.0,13944240.0,0.0,272138240.0,17179869184.0,0.0,89477120.0,1559314432.0,14559395840.0,0.0,0.0,0.0,270.0,400343040.0,0,5e-05,22597,0.0,0.0,14944.0,0.66133,487672642.0,8196933.0,487672640.0,0.0,0.0,0.0,0.0,0.0,1526146.0,0.0,,0.0,0.0,cubic,,0.0,0.0,0.0,0.0,0.0,0.0,0.0,0.0,0.0,"timestamps, SACK",940800000.0,3763200000.0
